,Y,buzz_News,buzz_News_Headline,buzz_News_Social,buzz_Social,innovation_News,innovation_News_Headline,innovation_News_Social,innovation_Social,laborDispute_News,laborDispute_News_Headline,laborDispute_News_Social,laborDispute_Social,layoffs_News,layoffs_News_Headline,layoffs_News_Social,layoffs_Social,managementTrust_News,managementTrust_News_Headline,managementTrust_News_Social,managementTrust_Social,mentions_News,mentions_News_Headline,mentions_News_Social,mentions_Social,ticker_
0,2022,1498.7,63.0,1879.7,381.0,0.0,0.0,0.0,0.0,0.0,0.0,0.0,0.0,0.0,0.0,0.0,0.0,0.166667,0.0,0.166667,0.0,620.0,47.0,982.0,362.0,LAND
1,2023,934.0,13.0,979.0,45.0,0.0,0.0,0.0,0.0,0.0,0.0,0.0,0.0,0.0,0.0,0.0,0.0,0.176471,0.0,0.2,0.2,469.0,27.0,483.0,14.0,LAND
2,2022,15537.5,705.5,20170.6,4633.1,0.090909,0.142857,0.125,0.142857,0.0,0.0,0.0,0.0,0.083333,0.0,0.086957,0.095238,0.090909,0.0,0.047619,0.041667,3712.0,317.0,5664.0,1952.0,BLND
3,2023,7463.6,236.5,8992.5,1528.9,0.333333,0.0,0.072727,0.0625,0.0,0.0,0.0,0.0,0.0,0.0,0.013158,0.019231,0.047059,0.0,0.042105,0.0,1909.0,120.0,2382.0,473.0,BLND
4,2022,72534.15,1474.0,85237.55,12703.4,0.025316,0.0,0.025,0.08,0.009852,0.0,0.022222,0.045455,0.084211,0.0,0.036851,0.0,0.117073,0.066667,0.081911,0.060606,12377.0,583.0,16391.0,4014.0,HL.
5,2023,40241.6,560.5,42207.1,1965.5,0.013986,0.0,0.012308,0.0,0.020833,0.0,0.021505,0.1,0.002488,0.0,0.002475,0.0,0.012955,0.005556,0.012914,0.0,7053.0,285.0,7692.0,639.0,HL.
6,2022,26860.95,1096.5,29203.95,2343.0,0.2,0.111111,0.2,0.2,0.0,0.0,0.076923,0.076923,0.0,0.0,0.0,0.0,0.076923,0.0,0.076923,0.0,7303.0,748.0,8151.0,848.0,MNDI
7,2023,9169.6,241.5,9606.6,437.0,0.117647,0.222222,0.117647,0.083333,0.027778,0.0,0.02381,0.0,0.0,0.0,0.0,0.0,0.106195,0.0,0.106195,0.0,2554.0,174.0,2680.0,126.0,MNDI
8,2022,6046.75,291.5,6931.25,884.5,0.023256,0.0,0.023256,0.0,0.0,0.0,0.0,0.0,0.0,0.0,0.0,0.0,0.044444,0.0,0.043478,0.0,1044.0,131.0,1536.0,492.0,KGF
9,2023,2258.5,177.0,2352.0,93.5,0.25,0.0,0.25,0.0,0.0,0.0,0.0,0.0,0.0,0.0,0.0,0.0,0.014882,0.0,0.014331,0.0,561.0,66.0,596.0,35.0,KGF
10,2022,163310.95,11334.55,321288.8,157977.85,0.048426,0.035714,0.016913,0.0125,0.027548,0.033333,0.010096,0.007547,0.022727,0.064516,0.021955,0.021724,0.0553,0.057143,0.027125,0.044177,25685.0,5761.0,73377.0,47692.0,BARC
11,2023,78900.7,4660.2,144473.1,65572.4,0.019231,0.013072,0.008229,0.019417,0.015662,0.041667,0.005226,0.007203,0.005915,0.0,0.006993,0.025852,0.015456,0.0,0.019538,0.029254,13219.0,2648.0,30780.0,17561.0,BARC
12,2022,3809.0,227.5,4423.0,614.0,0.0,0.0,0.0,0.0,0.0,0.0,0.0,0.0,0.0,0.0,0.0,0.0,0.003463,0.0,0.003428,0.0,1100.0,121.0,1405.0,305.0,UTG
13,2023,2804.0,133.0,2913.0,109.0,0.0,0.0,0.0,0.0,0.0,0.0,0.0,0.0,0.0,0.0,0.0,0.0,0.007011,0.0,0.006832,0.0,777.0,64.0,823.0,46.0,UTG
14,2022,15607.1,926.0,20764.9,5157.8,0.166667,0.0,0.2,0.25,0.0,0.0,0.0625,0.0625,0.052632,0.0,0.037037,0.037037,0.02381,0.0,0.019417,0.0,4217.0,564.0,6078.0,1861.0,JMAT
15,2023,5000.2,194.5,6579.4,1579.2,0.333333,0.666667,0.333333,0.25,0.0,0.0,0.0,0.0,0.0,0.0,0.0,0.0,0.117647,0.0,0.045627,0.0,1975.0,186.0,2491.0,516.0,JMAT
16,2022,217847.65,9268.4,346173.0,128325.35,0.061538,1.0,0.039859,0.018692,0.024691,0.0,0.011786,0.013667,0.002987,0.022222,0.005333,0.014056,0.040683,0.111111,0.028261,0.017544,61813.0,5889.0,109774.0,47961.0,VOD
17,2023,116466.8,5388.7,176531.7,60064.9,0.024691,0.090909,0.017895,0.029024,0.026683,0.0,0.016879,0.008247,0.042421,0.5,0.044923,0.053126,0.016807,0.038462,0.026866,0.048322,48832.0,3234.0,68931.0,20099.0,VOD
18,2022,36236.65,1053.5,49809.0,13572.35,0.222222,0.333333,0.142857,0.090909,0.009533,0.0,0.028169,0.028571,0.040536,0.444444,0.059039,0.228571,0.052632,0.0,0.036765,0.029412,9400.0,603.0,15675.0,6275.0,BATS
19,2023,35847.1,920.5,43442.8,7595.7,0.055227,0.125,0.046589,0.0625,0.00789,0.0,0.007117,0.0,0.004275,0.060606,0.006803,0.019737,0.052632,0.0,0.027273,0.0131,8508.0,430.0,11228.0,2720.0,BATS
20,2022,70217.65,4013.0,92053.6,21835.95,0.173913,0.142857,0.124378,0.1,0.011111,0.0,0.009569,0.032258,0.023121,0.285714,0.020619,0.021978,0.097561,0.272727,0.079646,0.164384,18075.0,1403.0,24886.0,6811.0,OCDO
21,2023,39764.1,2098.0,47380.1,7616.0,0.032258,0.0,0.0625,0.5,0.4,0.0,0.181818,0.02381,0.00823,0.0,0.007782,0.011364,0.090909,0.003175,0.048193,0.0,9962.0,666.0,12246.0,2284.0,OCDO
22,2022,19715.55,679.0,23794.3,4078.75,0.027778,0.083333,0.022727,0.050633,0.030303,0.0,0.1,0.1,0.095238,0.0,0.090909,0.0,0.09068,0.0,0.095238,0.166667,3557.0,327.0,4682.0,1125.0,WTB
23,2023,9386.4,452.0,10307.9,921.5,0.064516,0.0,0.035088,0.0,0.0,0.0,0.0,0.0,0.0,0.0,0.0,0.0,0.054902,0.0,0.054902,0.076923,2135.0,230.0,2307.0,172.0,WTB
24,2022,44726.1,1583.5,55024.15,10298.05,0.038536,0.0,0.068966,0.08,0.013774,0.0,0.051948,0.133333,0.0,0.0,0.051724,0.111111,0.045455,0.058252,0.08,0.15,8961.0,858.0,11497.0,2536.0,AV.
25,2023,8157.2,609.5,8968.7,811.5,0.0,0.0,0.020408,0.020408,0.00624,0.0,0.019608,0.021739,0.0,0.0,0.0,0.0,0.0,0.0,0.016949,0.019608,3868.0,374.0,4038.0,170.0,AV.
26,2022,13861.2,97.5,14575.7,714.5,0.25,0.0,0.25,0.0,0.0,0.0,0.0,0.0,0.0,0.0,0.0,0.0,0.038462,0.0,0.038462,0.0,2142.0,60.0,2439.0,297.0,SMT
27,2023,22677.5,73.0,23241.5,564.0,0.046948,0.0,0.046948,0.0,0.0,0.0,0.0,0.0,0.04878,0.0,0.044444,0.0,0.02649,0.0,0.02649,0.0,3221.0,44.0,3358.0,137.0,SMT
28,2022,25675.2,966.5,26908.1,1232.9,0.107143,0.25,0.103448,0.078947,0.041667,0.0,0.038462,0.0,0.0,0.0,0.0,0.0,0.133333,0.0,0.133333,0.133333,7286.0,648.0,7830.0,544.0,AAF
29,2023,13771.3,445.5,14278.0,506.7,0.095238,0.25,0.166667,0.166667,0.0,0.0,0.0,0.0,0.0,0.0,0.0,0.0,0.150943,0.125,0.150943,0.0,3363.0,224.0,3556.0,193.0,AAF
30,2022,20605.95,835.4,25434.65,4828.7,0.090909,0.012945,0.25,0.4,0.000639,0.0,0.025,0.029412,0.0,0.0,0.0,0.0,0.008247,0.0,0.038647,0.152866,4842.0,371.0,6891.0,2049.0,IMB
31,2023,8000.5,256.5,8909.0,908.5,0.1,0.333333,0.090909,0.125,0.016807,0.0,0.016529,0.0,0.0,0.0,0.0,0.0,0.008403,0.0,0.008264,0.0,1978.0,133.0,2470.0,492.0,IMB
32,2022,18640.9,540.0,27188.8,8547.9,0.333333,0.666667,0.080402,0.038462,0.046243,0.0,0.040404,0.021053,0.025316,0.0,0.02,0.015504,0.03125,0.0,0.025316,0.012195,4302.0,348.0,10199.0,5897.0,ITRK
33,2023,7672.5,224.0,10845.8,3173.3,0.098361,0.0,0.142857,0.25,0.0,0.0,0.006053,0.006382,0.0,0.0,0.0,0.0,0.047619,0.068966,0.037037,0.021277,2116.0,164.0,4412.0,2296.0,ITRK
34,2022,33318.35,553.0,92018.6,58700.25,0.153846,0.0,0.02061,0.019324,0.108571,0.0,0.074074,0.035573,0.00768,0.0,0.005917,0.011696,0.056604,0.0,0.045802,0.051724,6231.0,534.0,18327.0,12096.0,NWG
35,2023,15865.0,268.0,35385.6,19520.6,0.018692,0.0,0.012085,0.014599,0.0,0.0,0.02809,0.02809,0.111111,0.0,0.012448,0.010753,0.012048,0.0,0.006415,0.010204,4182.0,317.0,8374.0,4192.0,NWG
36,2022,90652.15,2077.9,108526.1,17873.95,0.066667,0.111111,0.036364,0.111111,0.063433,0.0,0.052227,0.04878,0.040816,0.0,0.013158,0.031746,0.122449,0.0,0.059701,0.058824,15540.0,961.0,21707.0,6167.0,LLOY
37,2023,72639.0,809.5,77871.9,5232.9,0.020833,0.0,0.013937,0.041667,0.012821,0.333333,0.01626,0.133333,0.006601,0.0,0.005025,0.0,0.036697,0.0,0.036072,0.033333,15622.0,499.0,17251.0,1629.0,LLOY
38,2022,13936.4,460.0,14786.4,850.0,0.043956,0.0,0.043956,0.0,0.01462,0.0,0.01462,0.0,0.0,0.0,0.0,0.0,0.012121,0.0,0.012121,0.0,3340.0,301.0,4074.0,734.0,SSE
39,2023,6000.6,207.0,6213.1,212.5,0.02139,0.0,0.021164,0.0,0.0,0.0,0.0,0.0,0.0,0.0,0.0,0.0,0.071429,0.0,0.067797,0.125,1409.0,132.0,1574.0,165.0,SSE
40,2022,164128.1,4512.2,174801.8,10673.7,0.054054,0.666667,0.054054,0.027778,0.019608,0.072727,0.020408,0.111111,0.009828,0.0,0.009281,1.0,0.010989,0.0,0.054545,0.070588,23654.0,1580.0,26931.0,3277.0,NG.
41,2023,60560.4,1309.7,64097.8,3537.4,0.044444,0.0,0.041056,0.125,0.028571,0.0,0.025641,0.028846,0.0,0.0,0.0,0.0,0.009302,0.0,0.009091,0.1,10874.0,732.0,11722.0,848.0,NG.
42,2022,6804.2,386.5,7591.2,787.0,0.043478,0.0,0.066667,0.066667,0.0,0.0,0.0,0.0,0.0,0.0,0.0,0.0,0.038462,0.0,0.038462,0.0,1900.0,214.0,2483.0,583.0,SGRO
43,2023,1739.0,92.0,1768.0,29.0,0.0,0.0,0.0,0.0,0.0,0.0,0.0,0.0,0.0,0.0,0.0,0.0,0.034769,0.071429,0.034252,0.0,552.0,66.0,569.0,17.0,SGRO
44,2022,19521.2,719.5,28436.95,8915.75,0.041667,0.0,0.036364,0.039216,0.0,0.0,0.181818,0.2,0.166667,0.0,0.078431,0.0,0.145455,0.3,0.146341,0.146341,5139.0,497.0,10539.0,5400.0,LGEN
45,2023,11860.7,108.0,12625.2,764.5,0.021053,0.0,0.020997,0.0,0.0,0.0,0.0,0.0,0.0,0.0,0.0,0.0,0.010724,0.25,0.014563,0.051282,6614.0,104.0,6822.0,208.0,LGEN
46,2022,15.0,5.0,15.0,,0.0,0.0,0.0,,0.0,0.0,0.0,,0.0,0.0,0.0,,0.0,0.0,0.0,,5.0,1.0,5.0,,PHNX
47,2023,6.0,,6.0,,0.0,,0.0,,0.0,,0.0,,0.0,,0.0,,0.0,,0.0,,2.0,,2.0,,PHNX
48,2022,3059.25,201.5,3572.25,513.0,0.006993,0.0,0.006993,0.0,0.0,0.0,0.0,0.0,0.0,0.0,0.0,0.0,0.018868,0.0,0.018868,0.0,900.0,149.0,1197.0,297.0,BEZ
49,2023,3092.0,147.5,3812.5,720.5,0.015385,0.0,0.044444,0.044444,0.0,0.0,0.0,0.0,0.0,0.0,0.0,0.0,0.015625,0.0,0.015625,0.0,793.0,98.0,1107.0,314.0,BEZ
50,2022,216623.65,10367.0,312253.15,95629.5,0.070175,0.2,0.038748,0.0399,0.057143,0.0,0.019446,0.025316,0.003003,0.0,0.018018,0.025157,0.050847,0.004944,0.039233,0.058484,58467.0,5503.0,91329.0,32862.0,AZN
51,2023,79849.2,3517.2,112360.7,32511.5,0.039401,1.0,0.02863,0.031323,0.003648,0.0,0.007203,0.016129,0.046875,0.142857,0.031646,0.010292,0.009709,0.25,0.01005,0.020619,21344.0,1997.0,31692.0,10348.0,AZN
52,2022,4887.5,268.5,5092.9,205.4,0.029412,0.0,0.02439,0.0,0.0,0.0,0.0,0.0,0.0,0.0,0.0,0.0,0.0,0.0,0.0,0.0,2873.0,469.0,2967.0,94.0,PSH
53,2023,1263.2,36.0,1285.7,22.5,0.0,0.0,0.0,0.0,0.032258,0.0,0.032258,0.0,0.0,0.0,0.0,0.0,0.0,0.0,0.0,0.0,569.0,66.0,582.0,13.0,PSH
54,2022,39801.0,1205.5,80964.55,41163.55,0.205882,0.0,0.135593,0.071429,0.063091,0.4,0.051813,0.108108,0.001668,0.0,0.25,0.25,0.095238,0.0,0.023256,0.048193,16369.0,1166.0,27893.0,11524.0,GSK
55,2023,65679.0,2704.0,67676.0,1997.0,0.142857,1.0,0.142857,0.076923,0.055299,0.243243,0.053496,0.083333,0.004545,0.0,0.004397,0.0,0.009112,0.0,0.008715,0.014925,19417.0,1621.0,20357.0,940.0,GSK
56,2022,5611.5,256.5,6421.0,809.5,0.117647,0.0,0.090909,0.0,0.0,0.0,0.0,0.0,0.005495,0.0,0.166667,0.166667,0.060825,0.0,0.059872,0.0,1877.0,255.0,2626.0,749.0,PSON
57,2023,6736.3,259.0,6870.5,134.2,0.012442,0.0,0.012442,0.0,0.035714,0.0,0.034247,0.0,0.0,0.0,0.0,0.0,0.031088,0.0,0.031088,0.0,1728.0,180.0,1815.0,87.0,PSON
58,2022,8620.05,182.0,19238.8,10618.75,0.166667,0.0,0.117647,0.222222,0.307692,0.0,0.307692,0.2,0.032432,0.0,0.028169,0.033058,0.066667,0.0,0.083333,0.083333,2023.0,126.0,3914.0,1891.0,BT.A
59,2023,2570.5,30.0,4029.2,1458.7,0.05042,0.0,0.05042,0.0,0.0,0.0,0.032787,0.032787,0.004545,0.0,0.015686,0.085714,0.028169,0.0,0.019465,0.0,562.0,37.0,816.0,254.0,BT.A
60,2022,371.0,6.0,4298.9,3927.9,0.071429,0.0,0.1,0.1,0.0,0.0,0.0,0.0,0.0,0.0,0.0,0.0,0.0,0.0,0.011628,0.011628,112.0,8.0,1933.0,1821.0,SHEL
61,2023,268.0,3.0,1179.5,911.5,0.0,0.0,0.008368,0.008969,0.0,0.0,0.008368,0.008969,0.0,0.0,0.0,0.0,0.0,0.0,0.129032,0.131868,99.0,3.0,557.0,458.0,SHEL
62,2022,27342.95,787.0,39537.3,12194.35,0.142857,0.166667,0.065217,0.215569,0.014035,0.074074,0.028571,0.041667,0.0,0.0,0.02963,0.02963,0.064516,0.1,0.023411,0.067039,7530.0,608.0,11388.0,3858.0,DGE
63,2023,46357.1,1438.5,54327.4,7970.3,0.021505,0.0,0.03125,0.083333,0.044118,0.25,0.060606,0.102564,0.0,0.0,0.007968,0.0625,0.014906,0.011494,0.013452,0.020833,12430.0,868.0,15214.0,2784.0,DGE
64,2022,4239.05,213.5,5939.75,1700.7,0.076923,0.0,0.076923,0.066667,0.0,0.0,0.009662,0.083333,0.0,0.0,0.0,0.0,0.0,0.0,0.0,0.0,1261.0,111.0,1871.0,610.0,III
65,2023,1957.5,105.0,2249.0,291.5,0.0,0.0,0.0,0.0,0.0,0.0,0.0,0.0,0.0,0.0,0.0,0.0,0.022599,0.333333,0.022346,0.0,811.0,60.0,892.0,81.0,III
66,2022,29744.55,233.5,42529.6,12785.05,1.0,1.0,0.222222,0.166667,0.070175,0.0,0.030534,0.0,0.0,0.0,0.010638,0.08,0.058824,0.0,0.041667,0.028571,6269.0,264.0,8862.0,2593.0,ENT
67,2023,12887.0,223.5,18507.4,5620.4,0.333333,0.0,0.045977,0.066667,0.0,0.0,0.0,0.0,0.046512,0.0,0.018182,0.014815,0.026316,0.0,0.018868,0.014815,2805.0,129.0,3915.0,1110.0,ENT
68,2022,41301.05,1517.5,55389.55,14088.5,0.055556,0.0,0.042929,0.1,0.005105,0.0,0.090909,0.090909,0.0,0.0,0.0625,0.066667,0.080808,0.0,0.090909,0.102564,8122.0,859.0,11560.0,3438.0,PRU
69,2023,13809.0,559.5,14527.0,718.0,0.022739,0.0,0.022511,0.2,0.0,0.0,0.0,0.0,0.0,0.0,0.028986,0.030303,0.031008,0.0,0.030848,0.0,4417.0,433.0,4815.0,398.0,PRU
70,2022,7912.4,227.5,9895.4,1983.0,0.142857,0.5,0.129032,0.129032,0.0,0.0,0.093023,0.111111,0.0,0.0,0.0,0.0,0.12,0.0,0.109091,0.090909,1685.0,152.0,2298.0,613.0,SMDS
71,2023,1090.2,5.0,1260.7,170.5,0.25,0.0,0.25,0.0,0.0,0.0,0.0,0.0,0.0,0.0,0.0,0.0,0.08,0.0,0.08,0.0,272.0,22.0,292.0,20.0,SMDS
72,2022,7719.3,384.5,13858.5,6139.2,0.142857,0.0,0.064516,0.034483,0.0,0.0,0.013889,0.016393,0.007491,0.0,0.022989,0.022989,0.114286,0.0,0.108108,0.101695,2841.0,372.0,4838.0,1997.0,ABDN
73,2023,3593.0,137.0,4917.5,1324.5,0.026667,0.0,0.024096,0.003311,0.0,0.0,0.0,0.0,0.0,0.0,0.0,0.0,0.046512,0.0,0.06,0.085714,1323.0,108.0,1628.0,305.0,ABDN
74,2022,5919.15,160.5,7313.65,1394.5,0.111111,0.0,0.111111,0.0,0.0,0.0,0.018519,0.033333,0.0,0.0,0.0,0.0,0.076923,0.0,0.076923,0.0,1150.0,97.0,1436.0,286.0,UU.
75,2023,707.0,14.0,850.0,143.0,0.0,0.0,0.04,0.04,0.0,0.0,0.0,0.0,0.0,0.0,0.0,0.0,0.0,0.0,0.0,0.0,185.0,12.0,208.0,23.0,UU.
76,2022,399957.35,15845.95,636171.95,236214.6,0.024096,0.125,0.010571,0.019168,0.034632,0.25974,0.017542,0.009576,0.020516,0.141414,0.016235,0.008962,0.018349,0.047619,0.010922,0.017109,112152.0,8093.0,174534.0,62382.0,BP.
77,2023,183579.9,7513.1,288504.2,104924.3,0.026667,0.0,0.0062,0.007471,0.007746,0.023392,0.004365,0.002554,0.003518,0.03125,0.001619,0.002665,0.015056,0.153846,0.005884,0.007207,48692.0,3333.0,73416.0,24724.0,BP.
78,2022,7912.4,227.5,9895.4,1983.0,0.142857,0.5,0.129032,0.129032,0.0,0.0,0.093023,0.111111,0.0,0.0,0.0,0.0,0.12,0.0,0.109091,0.090909,1685.0,152.0,2298.0,613.0,SMDS
79,2023,1090.2,5.0,1260.7,170.5,0.25,0.0,0.25,0.0,0.0,0.0,0.0,0.0,0.0,0.0,0.0,0.0,0.08,0.0,0.08,0.0,272.0,22.0,292.0,20.0,SMDS
80,2022,7719.3,384.5,13858.5,6139.2,0.142857,0.0,0.064516,0.034483,0.0,0.0,0.013889,0.016393,0.007491,0.0,0.022989,0.022989,0.114286,0.0,0.108108,0.101695,2841.0,372.0,4838.0,1997.0,ABDN
81,2023,3593.0,137.0,4917.5,1324.5,0.026667,0.0,0.024096,0.003311,0.0,0.0,0.0,0.0,0.0,0.0,0.0,0.0,0.046512,0.0,0.06,0.085714,1323.0,108.0,1628.0,305.0,ABDN
82,2022,22131.05,907.5,27496.8,5365.75,0.090909,0.25,0.04878,1.0,0.00823,0.0,0.029412,0.041667,0.012195,0.0,0.007042,0.0,0.125,0.125,0.115385,0.122449,5475.0,542.0,7109.0,1634.0,SDR
83,2023,2633.5,102.0,3079.0,445.5,0.111111,0.0,0.111111,0.045455,0.0,0.0,0.0,0.0,0.0,0.0,0.0,0.0,0.0,0.0,0.045455,0.045455,1011.0,102.0,1087.0,76.0,SDR
84,2022,17564.35,414.5,25032.55,7468.2,0.079096,0.083333,0.333333,0.333333,0.019802,0.0,0.076923,0.142857,0.0,0.0,0.0,0.0,0.042553,0.0,0.102564,0.121212,2863.0,217.0,4896.0,2033.0,SVT
85,2023,6335.0,193.5,10825.5,4490.5,0.04,0.0,0.034483,0.5,0.019608,0.0,0.012048,0.021277,0.0,0.0,0.0,0.0,0.011905,0.0,0.010526,0.012048,1355.0,96.0,2310.0,955.0,SVT
86,2022,6283.55,103.5,7001.25,717.7,0.0,0.0,0.0,0.0,0.0,0.0,0.0,0.0,0.0,0.0,0.0,0.0,0.017094,0.0,0.017094,0.0,1227.0,96.0,1724.0,497.0,PSN
87,2023,6692.5,218.0,6784.5,92.0,0.007874,0.0,0.007874,0.0,0.0,0.0,0.0,0.0,0.0,0.0,0.0,0.0,0.012116,0.0,0.012116,0.0,1097.0,86.0,1135.0,38.0,PSN
88,2022,18235.2,611.5,19977.9,1742.7,0.142857,0.0,0.142857,0.285714,0.002088,0.0,0.008772,0.076923,0.0,0.0,0.0,0.0,0.125,0.0,0.125,0.054795,4080.0,404.0,5356.0,1276.0,REL
89,2023,8069.7,255.0,8233.7,164.0,0.04,0.0,0.038462,0.166667,0.0,0.0,0.0,0.0,0.0,0.0,0.0,0.0,0.010582,0.0,0.010309,0.0,2803.0,290.0,2930.0,127.0,REL
90,2022,3001.5,118.5,5045.4,2043.9,0.111111,0.0,0.090909,0.066667,0.0,0.0,0.035714,0.0625,0.0,0.0,0.0,0.0,0.007407,0.0,0.166667,0.166667,1565.0,815.0,2328.0,763.0,MNG
91,2023,304.0,34.0,411.0,107.0,0.0,0.0,0.0,0.0,0.0,0.0,0.0,0.0,0.0,0.0,0.0,0.0,0.0,0.0,0.0,0.0,465.0,321.0,511.0,46.0,MNG
92,2022,7279.5,171.5,7839.0,559.5,0.055556,0.0,0.055556,0.0,0.0,0.0,0.0,0.0,0.0,0.0,0.0,0.0,0.171429,0.0,0.166667,0.0,1995.0,134.0,2412.0,417.0,SGE
93,2023,2126.9,53.0,2799.9,673.0,0.060606,0.0,0.060606,0.0,0.0,0.0,0.0,0.0,0.0,0.0,0.0,0.0,0.008529,0.0,0.012251,0.021739,581.0,30.0,883.0,302.0,SGE
94,2022,1289.6,65.5,1542.1,252.5,0.0,0.0,0.0,0.0,0.0,0.0,0.0,0.0,0.0,0.0,0.0,0.0,0.0,0.0,0.0,0.0,409.0,154.0,510.0,101.0,FCIT
95,2023,764.0,76.0,876.5,112.5,0.010204,0.0,0.010204,0.0,0.0,0.0,0.0,0.0,0.0,0.0,0.0,0.0,0.0,0.0,0.0,0.0,224.0,31.0,242.0,18.0,FCIT
96,2022,3856.75,157.0,5719.75,1863.0,0.011364,0.0,0.071429,0.071429,0.0,0.0,0.08,0.08,0.0,0.0,0.0,0.0,0.117647,0.0,0.068966,0.034483,1148.0,92.0,1517.0,369.0,BKG
97,2023,1705.9,62.0,1845.9,140.0,0.0,0.0,0.0,0.0,0.0,0.0,0.0,0.0,0.0,0.0,0.0,0.0,0.0,0.0,0.0,0.0,595.0,35.0,616.0,21.0,BKG
98,2022,27920.75,703.5,29237.5,1316.75,0.2,0.5,0.2,0.25,0.090909,0.142857,0.090909,0.0,0.043478,0.0,0.04,0.0,0.052033,0.0,0.052033,0.0,6902.0,362.0,7596.0,694.0,INF
99,2023,9529.6,273.5,10213.1,683.5,0.142857,0.0,0.142857,0.076923,0.0,0.0,0.0,0.0,0.0,0.0,0.0,0.0,0.043478,0.0,0.043478,0.083333,2236.0,172.0,2456.0,220.0,INF
100,2022,41301.05,1517.5,55389.55,14088.5,0.055556,0.0,0.042929,0.1,0.005105,0.0,0.090909,0.090909,0.0,0.0,0.0625,0.066667,0.080808,0.0,0.090909,0.102564,8122.0,859.0,11560.0,3438.0,PRU
101,2023,13809.0,559.5,14527.0,718.0,0.022739,0.0,0.022511,0.2,0.0,0.0,0.0,0.0,0.0,0.0,0.028986,0.030303,0.031008,0.0,0.030848,0.0,4417.0,433.0,4815.0,398.0,PRU
102,2022,18584.600000000002,537.0,31240.45,12655.85,0.5,0.25,0.097561,0.097561,0.083333,0.0,0.044944,0.044944,0.071429,0.0,0.2,0.2,0.0625,0.0,0.137931,0.137931,3589.0,282.0,6054.0,2465.0,CPG
103,2023,7860.1,235.0,10013.6,2153.5,0.357143,0.0,0.263158,0.2,0.08,0.0,0.08,0.030303,0.4,0.0,0.285714,0.012422,0.093458,0.0,0.071685,0.010256,2324.0,191.0,2673.0,349.0,CPG
104,2022,7562.95,363.0,9776.65,2213.7,0.083333,0.0,0.111111,0.111111,0.0,0.0,0.047619,0.047619,0.0,0.0,0.00489,0.020619,0.133333,0.0,0.166667,0.166667,1982.0,240.0,2758.0,776.0,WEIR
105,2023,3870.8,173.5,4063.3,192.5,0.019293,0.0,0.019048,0.0,0.0,0.0,0.0,0.0,0.0,0.0,0.0,0.0,0.015504,0.0,0.015385,0.0,1313.0,135.0,1450.0,137.0,WEIR
106,2022,8620.05,182.0,19238.8,10618.75,0.166667,0.0,0.117647,0.222222,0.307692,0.0,0.307692,0.2,0.032432,0.0,0.028169,0.033058,0.066667,0.0,0.083333,0.083333,2023.0,126.0,3914.0,1891.0,BT.A
107,2023,2570.5,30.0,4029.2,1458.7,0.05042,0.0,0.05042,0.0,0.0,0.0,0.032787,0.032787,0.004545,0.0,0.015686,0.085714,0.028169,0.0,0.019465,0.0,562.0,37.0,816.0,254.0,BT.A
108,2022,54792.05,1635.5,71008.9,16216.85,0.076923,0.0,0.061069,0.125,0.007273,0.0,0.020305,0.066667,0.0,0.0,0.006289,0.013986,0.035704,0.0,0.070461,0.148571,11433.0,585.0,15007.0,3574.0,EXPN
109,2023,26016.7,840.0,30230.3,4213.6,0.055556,0.2,0.051813,0.2,0.0,0.0,0.0,0.0,0.043478,0.0,0.043478,0.0,0.039024,0.0,0.033613,0.0,5569.0,321.0,6798.0,1229.0,EXPN
110,2022,3581.3,137.5,3830.3,249.0,0.015504,0.0,0.015504,0.0,0.0,0.0,0.0,0.0,0.0,0.0,0.0,0.0,0.255319,0.333333,0.255319,0.0,1117.0,126.0,1392.0,275.0,DCC
111,2023,1823.1,80.0,1847.1,24.0,0.006667,0.0,0.006667,0.0,0.0,0.0,0.0,0.0,0.0,0.0,0.0,0.0,0.017241,0.0,0.017241,0.0,478.0,44.0,495.0,17.0,DCC
112,2022,7100.35,330.0,7733.35,633.0,0.052632,0.0,0.052632,0.0,0.0,0.0,0.0,0.0,0.0,0.0,0.0,0.0,0.064516,0.0,0.055556,0.0,1916.0,295.0,2496.0,580.0,WPP
113,2023,4811.1,185.5,4887.1,76.0,0.008621,0.0,0.008621,0.0,0.0,0.0,0.0,0.0,0.058824,0.0,0.058824,0.0,0.069565,0.0,0.069565,0.0,1775.0,206.0,1831.0,56.0,WPP
114,2022,246257.4,11115.15,292493.15,46235.75,0.045977,0.071429,0.03966,0.014493,0.013761,0.090909,0.0125,0.034483,0.022383,0.006079,0.020619,0.025974,0.019316,0.0,0.016541,0.059259,45717.0,4101.0,55587.0,9870.0,TSCO
115,2023,120089.1,5397.5,140030.3,19941.2,0.023346,0.0,0.020045,0.051282,0.010471,0.066667,0.009174,0.022624,0.030916,0.013158,0.015777,0.019802,0.009699,0.001978,0.008011,0.012346,24623.0,2038.0,29347.0,4724.0,TSCO
116,2022,15195.35,471.0,21455.0,6259.65,0.028571,0.0,0.022222,0.013889,0.0,0.0,0.043478,0.043478,0.0,0.0,0.014184,0.026667,0.066667,0.0,0.181818,0.181818,3582.0,213.0,5421.0,1839.0,IHG
117,2023,8737.0,263.5,9290.0,553.0,0.028169,0.0,0.028169,0.0,0.0,0.0,0.0,0.0,0.002685,0.0,0.002484,0.0,0.111111,0.0,0.111111,0.0,2285.0,139.0,2543.0,258.0,IHG
118,2022,4239.05,213.5,5939.75,1700.7,0.076923,0.0,0.076923,0.066667,0.0,0.0,0.009662,0.083333,0.0,0.0,0.0,0.0,0.0,0.0,0.0,0.0,1261.0,111.0,1871.0,610.0,III
119,2023,1957.5,105.0,2249.0,291.5,0.0,0.0,0.0,0.0,0.0,0.0,0.0,0.0,0.0,0.0,0.0,0.0,0.022599,0.333333,0.022346,0.0,811.0,60.0,892.0,81.0,III
120,2022,203388.45,9459.3,240666.35,37277.9,0.095238,0.040134,0.05042,0.054054,0.019269,0.166667,0.016818,0.05,0.009398,0.0,0.00744,0.008264,0.091089,0.083333,0.084893,0.048518,42917.0,4178.0,53164.0,10247.0,RIO
121,2023,95467.0,3844.6,108950.7,13483.7,0.017167,0.181818,0.095238,0.133333,0.001685,0.0,0.00143,0.003854,0.0,0.0,0.002255,0.022346,0.020168,0.0,0.016529,0.017007,19113.0,1437.0,22329.0,3216.0,RIO
122,2022,5095.5,225.5,5672.0,576.5,0.090909,0.0,0.090909,0.0,0.0,0.0,0.0,0.0,0.0,0.0,0.0,0.0,0.125,0.0,0.125,0.0,1733.0,182.0,2227.0,494.0,SPX
123,2023,2450.9,93.0,2498.9,48.0,0.0,0.0,0.0,0.0,0.0,0.0,0.0,0.0,0.0,0.0,0.0,0.0,0.001379,0.0,0.001355,0.0,738.0,59.0,760.0,22.0,SPX
124,2022,16408.5,817.6,18339.2,1930.7,0.014815,0.0,0.012903,0.0,0.0,0.0,0.0,0.0,0.0,0.0,0.0,0.0,0.108108,0.0,0.088889,0.083333,4887.0,340.0,6077.0,1190.0,FRES
125,2023,8851.8,345.0,9561.8,710.0,0.010989,0.0,0.181818,0.181818,0.00554,0.0,0.004938,0.0,0.0,0.0,0.0,0.0,0.066667,0.0,0.066667,0.0,2736.0,212.0,2973.0,237.0,FRES
126,2022,123648.85,5413.75,153219.9,29571.05,0.044444,0.0,0.037736,0.071429,0.023297,0.1875,0.02,0.052632,0.023392,0.222222,0.016667,0.011561,0.028037,0.0,0.073298,0.119658,23479.0,2043.0,31026.0,7547.0,SBRY
127,2023,59306.9,2205.0,68231.1,8924.2,0.043243,0.166667,0.032626,0.020513,0.012253,0.095238,0.011807,0.027778,0.003077,0.018519,0.003604,0.032787,0.029412,0.0,0.025806,0.017544,14393.0,1200.0,17087.0,2694.0,SBRY
128,2022,10285.25,448.0,11487.5,1202.25,0.25,0.0,0.25,0.111111,0.061069,0.0,0.061069,0.090909,0.0,0.0,0.0,0.0,0.017241,0.0,0.038462,0.058824,3314.0,288.0,3817.0,503.0,CRDA
129,2023,4654.5,298.5,4905.5,251.0,0.125,0.0,0.111111,0.111111,0.0,0.0,0.0,0.0,0.0,0.0,0.0,0.0,0.0,0.0,0.0,0.0,2047.0,170.0,2172.0,125.0,CRDA
130,2022,222.5,98.5,273.5,51.0,0.0,0.0,0.0,0.0,0.0,0.0,0.0,0.0,0.0,0.0,0.0,0.0,0.0,0.0,0.0,0.0,138.0,75.0,166.0,28.0,AUTO
131,2023,126.0,9.5,145.5,19.5,0.0,0.0,0.0,0.0,0.0,0.0,0.0,0.0,0.0,0.0,0.0,0.0,0.0,0.0,0.0,0.0,14.0,5.0,18.0,4.0,AUTO
132,2022,52134.95,1405.5,66322.9,14187.95,0.2,0.5,0.2,0.25,0.031189,0.0,0.038462,0.058824,0.005063,0.0,0.004376,0.0,0.117647,0.6,0.063492,0.076923,26149.0,688.0,30850.0,4701.0,LSEG
133,2023,18574.0,519.0,20748.0,2174.0,0.065934,0.0,0.065934,0.086957,0.0,0.0,0.022472,0.030769,0.004386,0.0,0.014388,0.076923,0.081818,0.0,0.077586,0.019802,6938.0,327.0,7782.0,844.0,LSEG
134,2022,112974.95,4523.95,126179.65,13204.7,0.071429,0.2,0.05298,0.064516,0.007394,0.0,0.006163,0.011834,0.015686,0.111111,0.01626,0.052632,0.050269,0.041667,0.027972,0.5,25691.0,2273.0,31431.0,5740.0,ULVR
135,2023,83546.0,2655.0,97327.5,13781.5,0.071233,0.095238,0.068241,0.028777,0.018045,0.047619,0.020498,0.111111,0.006015,0.0,0.015504,0.023529,0.0228,0.022727,0.025641,0.115385,19698.0,1170.0,23444.0,3746.0,ULVR
136,2022,5562.15,162.5,9224.4,3662.25,0.003521,0.0,0.076923,0.114286,0.0,0.0,0.0,0.0,0.003521,0.0,0.002941,0.0,0.032258,0.0,0.033898,0.047619,1591.0,150.0,2431.0,840.0,RTO
137,2023,8385.5,330.5,8966.5,581.0,0.018519,0.0,0.052632,0.052632,0.010638,0.0,0.010638,0.0,0.0,0.0,0.0,0.0,0.035714,0.0,0.035714,0.0,2812.0,308.0,2974.0,162.0,RTO
138,2022,243283.2,15486.0,449275.35,205992.15,0.064706,0.095238,0.093599,0.142202,0.009346,0.005698,0.005063,0.005764,0.045673,0.25,0.02721,0.018349,0.06087,0.214286,0.040936,0.034026,42809.0,6462.0,92778.0,49969.0,HSBA
139,2023,116217.3,8064.6,187789.1,71571.8,0.028169,0.033333,0.012841,0.010681,0.002958,0.0,0.003738,0.007663,0.016529,0.010208,0.006421,0.010444,0.013605,0.0,0.008538,0.020339,21304.0,3316.0,40733.0,19429.0,HSBA
140,2022,19078.45,1151.0,21582.15,2503.7,0.04,0.0,0.25,0.25,0.0,0.0,0.057143,0.057143,0.0,0.0,0.0,0.0,0.134831,0.0,0.113208,0.103448,3880.0,379.0,4708.0,828.0,BNZL
141,2023,7801.3,449.5,8287.3,486.0,0.064103,0.0,0.057471,0.0,0.0,0.0,0.0,0.0,0.0,0.0,0.0,0.0,0.03252,0.0,0.032787,0.133333,2236.0,213.0,2347.0,111.0,BNZL
142,2022,22914.9,940.0,26278.1,3363.2,0.142857,0.5,0.142857,0.0,0.074074,0.0,0.071429,0.0,0.0,0.0,0.0,0.0,0.230769,0.0,0.230769,0.0,5651.0,441.0,7760.0,2109.0,RKT
143,2023,10012.2,331.5,10596.7,584.5,0.155556,0.0,0.154867,0.333333,0.035714,0.0,0.034188,0.0,0.001502,0.0,0.001387,0.0,0.051948,0.0,0.051948,0.0,2604.0,218.0,2835.0,231.0,RKT
144,2022,3840.25,234.0,4722.75,882.5,0.133333,0.0,0.333333,0.333333,0.0,0.0,0.0,0.0,0.0,0.0,0.0,0.0,0.020997,0.0,0.01995,0.0,1242.0,159.0,1899.0,657.0,CRH
145,2023,1511.0,108.5,1789.5,278.5,0.0,0.0,0.0,0.0,0.0,0.0,0.0,0.0,0.0,0.0,0.0,0.0,0.011299,0.0,0.011299,0.0,581.0,76.0,814.0,233.0,CRH
146,2022,19293.95,919.4,21855.65,2561.7,0.121212,0.0,0.121212,0.019608,0.0,0.0,0.008097,0.055556,0.008084,0.0,0.012315,0.014663,0.117647,0.0,0.068966,0.05,3927.0,475.0,5029.0,1102.0,HSX
147,2023,9864.0,710.0,10160.0,296.0,0.1,0.0,0.105263,0.111111,0.0,0.0,0.0,0.0,0.0,0.0,0.0,0.0,0.086957,0.0,0.086957,0.111111,2360.0,284.0,2454.0,94.0,HSX
148,2022,18491.35,428.5,22595.85,4104.5,0.055556,0.0,0.05,0.068966,0.028169,0.0,0.140351,0.140351,0.0,0.0,0.0,0.0,0.190476,1.0,0.190476,0.052632,3366.0,191.0,4502.0,1136.0,BDEV
149,2023,13719.6,332.5,14601.1,881.5,0.0,0.0,0.0,0.0,0.0,0.0,0.002075,0.004545,0.083333,0.0,0.071429,0.0,0.004762,0.0,0.004762,0.0,2295.0,136.0,2463.0,168.0,BDEV
150,2022,43023.5,1136.5,58376.5,15353.0,0.090909,0.0,0.055556,0.117647,0.5,0.0,0.08,0.040816,0.001104,0.0,0.000721,0.0,0.052632,0.0,0.052632,0.25,10915.0,907.0,14904.0,3989.0,GLEN
151,2023,91604.1,3536.1,127671.6,36067.5,0.005831,0.0,0.009606,0.026954,0.01061,0.0,0.013008,0.026846,0.00314,0.0,0.002452,0.003883,0.019139,0.0,0.014616,0.025424,23938.0,1724.0,33380.0,9442.0,GLEN
152,2022,70223.1,1176.5,73204.85,2981.75,0.058824,0.0,0.058824,0.075,0.004704,0.0,0.025,0.05,0.00713,0.0,0.00713,0.0,0.063492,0.125,0.063492,0.006547,8050.0,521.0,8942.0,892.0,RMV
153,2023,34083.0,595.5,34606.5,523.5,0.02439,0.0,0.02439,0.0,0.0,0.0,0.0,0.0,0.0,0.0,0.0,0.0,0.013483,0.0,0.013363,0.0,4394.0,274.0,4584.0,190.0,RMV
154,2022,9517.7,346.0,15509.6,5991.9,0.2,0.2,0.125,0.210526,0.032258,0.0,0.05,0.066667,0.0,0.0,0.01032,0.033333,0.078637,0.0,0.075094,0.033333,2499.0,211.0,3855.0,1356.0,FLTR
155,2023,5475.2,246.5,7276.2,1801.0,0.111111,0.142857,0.090909,0.076923,0.0,0.0,0.0,0.0,0.0,0.0,0.0,0.0,0.111111,0.333333,0.066667,0.0,1455.0,146.0,1878.0,423.0,FLTR
156,2022,8474.5,231.5,9488.0,1013.5,1.0,0.0,1.0,0.333333,0.0,0.0,0.0,0.0,0.010948,0.0,0.01072,0.0,0.028335,0.0,0.038462,0.071429,1904.0,130.0,2491.0,587.0,SMIN
157,2023,9481.4,569.0,10144.1,662.7,0.058824,0.0,0.038835,0.009901,0.0,0.0,0.0,0.0,0.0,0.0,0.0,0.0,0.020857,0.065934,0.020619,0.0,1514.0,148.0,1710.0,196.0,SMIN
158,2022,8203.55,351.75,9077.65,874.1,0.125,0.0,0.333333,0.333333,0.021739,0.0,0.021739,0.0,0.0,0.0,0.0,0.0,0.019608,0.0,0.019608,0.0,2438.0,243.0,2921.0,483.0,CTEC
159,2023,3910.0,188.0,4062.0,152.0,0.25,0.086957,0.333333,0.333333,0.0,0.0,0.0,0.0,0.0,0.0,0.0,0.0,0.068966,0.0,0.060606,0.038462,1236.0,110.0,1298.0,62.0,CTEC
160,2022,16754.45,253.5,18687.45,1933.0,0.333333,0.0,0.333333,0.25,0.030769,0.0,0.026756,0.0,0.002829,0.0,0.003442,0.006079,0.098361,0.0,0.092308,0.0,3084.0,148.0,3748.0,664.0,ABF
161,2023,8427.7,213.5,9234.2,806.5,0.04,0.0,0.04,0.0,0.0,0.0,0.0,0.0,0.007117,0.0,0.006472,0.0,0.0,0.0,0.0,0.0,1790.0,96.0,2000.0,210.0,ABF
162,2022,3592.15,210.5,3905.75,313.6,0.0,0.0,0.0,0.0,0.0,0.0,0.0,0.0,0.0,0.0,0.0,0.0,0.006601,0.0,0.005865,0.0625,1263.0,141.0,1446.0,183.0,HLN
163,2023,14340.0,647.5,14569.0,229.0,0.011628,0.0,0.011628,0.0,0.0,0.0,0.0,0.0,0.002003,0.0,0.001999,0.0,0.026144,0.0,0.026144,0.0,6146.0,537.0,6259.0,113.0,HLN
164,2022,5826.2,144.5,6414.2,588.0,0.333333,0.0,0.333333,0.0,0.0,0.0,0.0,0.0,0.022901,0.0,0.021898,0.0,0.045455,0.0,0.045455,0.0,1126.0,128.0,1436.0,310.0,ANTO
165,2023,2550.0,74.5,2727.0,177.0,0.0,0.0,0.0,0.0,0.0,0.0,0.0,0.0,0.0,0.0,0.0,0.0,0.0,0.0,0.0,0.0,618.0,86.0,704.0,86.0,ANTO
166,2022,161071.65,5048.5,226240.75,65169.1,0.105727,1.0,0.069164,0.046784,0.034783,0.0,0.015686,0.011769,0.013514,0.0,0.009524,0.010235,0.063694,0.033333,0.027162,0.038095,33299.0,2922.0,54335.0,21036.0,RR.
167,2023,99541.9,3021.5,129584.6,30042.7,0.072222,0.2,0.066502,0.059172,0.005034,0.117647,0.009833,0.015748,0.022989,0.0,0.007273,0.002502,0.008114,0.003846,0.005479,0.009615,19755.0,1535.0,29354.0,9599.0,RR.
168,2022,12035.25,401.0,12706.75,671.5,0.25,0.0,0.25,0.102564,0.0,0.0,0.090909,0.090909,0.0,0.0,0.0,0.0,0.022727,0.0,0.021739,0.0,3573.0,219.0,3834.0,261.0,HLMA
169,2023,4498.9,191.0,4792.9,294.0,0.058824,0.0,0.058824,0.047244,0.0,0.0,0.038462,0.038462,0.002587,0.0,0.002554,0.0,0.014925,0.0,0.014925,0.0,1553.0,114.0,1602.0,49.0,HLMA
170,2022,20389.95,885.5,22043.45,1653.5,0.046512,0.0,0.046512,0.043478,0.000537,0.0,0.00051,0.0,0.0,0.0,0.0,0.0,0.151899,0.0,0.116505,0.020202,5364.0,592.0,6413.0,1049.0,AHT
171,2023,9236.5,284.0,9610.0,373.5,0.071429,0.0,0.047619,0.0,0.022222,0.0,0.022222,0.0,0.024691,0.0,0.024691,0.0,0.012195,0.0,0.012195,0.0,2850.0,282.0,3004.0,154.0,AHT
172,2022,58022.95,2090.8,60700.95,2678.0,0.043956,0.153846,0.021505,0.0,0.077612,0.0,0.077612,0.0,0.027778,0.0,0.027778,0.0,0.027939,0.0,0.026184,0.0,5778.0,924.0,6639.0,861.0,NXT
173,2023,14370.0,275.0,15024.7,654.7,0.027491,0.0,0.030303,0.166667,0.110169,0.0,0.102362,0.058824,0.0,0.0,0.0,0.0,0.026667,0.086957,0.022727,0.0,1937.0,159.0,2088.0,151.0,NXT
174,2022,84902.95,2583.5,113569.8,28666.85,0.097933,1.0,0.10464,0.170213,0.030303,0.136364,0.024793,0.021978,0.181818,0.0,0.017094,0.012821,0.0384,0.0,0.030691,0.029851,17149.0,1406.0,30367.0,13218.0,BA.
175,2023,42635.5,1190.0,53369.1,10733.6,0.108108,0.25,0.041322,0.090909,0.05314,0.266667,0.057143,0.078947,0.0,0.0,0.000734,0.002134,0.033058,0.0,0.030488,0.071429,8188.0,690.0,12881.0,4693.0,BA.
176,2022,45926.45,1874.0,53624.4,7697.95,0.153846,0.0,0.25,0.25,0.00191,0.0,0.008197,0.010638,0.035088,0.0,0.025,0.0,0.05,0.0,0.054545,0.292683,9442.0,945.0,11965.0,2523.0,BRBY
177,2023,28091.1,1503.0,32013.9,3922.8,0.0625,0.0,0.111111,0.333333,0.0003,0.0,0.000278,0.0,0.0,0.0,0.0,0.0,0.034783,0.0,0.0625,0.0625,5588.0,486.0,6691.0,1103.0,BRBY
178,2022,9444.0,757.5,12530.0,3086.0,0.166667,0.0,0.166667,0.125,0.0,0.0,0.035714,0.043478,0.0,0.0,1.0,1.0,0.070922,0.0,0.070922,0.0,1675.0,206.0,2818.0,1143.0,JD.
179,2023,999.0,57.5,1136.5,137.5,0.0,0.0,0.0,0.0,0.051282,0.0,0.051282,0.0,0.0,0.0,0.0,0.0,0.102564,0.0,0.102564,0.0,249.0,28.0,305.0,56.0,JD.
180,2022,5225.0,149.0,9060.5,3835.5,0.333333,0.0,0.333333,0.018868,0.072289,0.0,0.08,0.08,0.0,0.0,0.0,0.0,0.105263,0.0,0.108108,0.153846,1614.0,148.0,1975.0,361.0,FRAS
181,2023,597.5,24.0,1155.5,558.0,0.0,0.0,0.0,0.0,0.0,0.0,0.055556,0.055556,0.0,0.0,0.0,0.0,0.0,0.0,0.034483,0.034483,296.0,27.0,339.0,43.0,FRAS
182,2022,4850.95,223.0,5122.95,272.0,0.056338,0.0,0.066667,0.066667,0.0,0.0,0.086957,0.086957,0.0,0.0,0.0,0.0,0.016878,0.0,0.01675,0.0,1054.0,122.0,1290.0,236.0,RS1
183,2023,1185.0,64.5,1641.0,456.0,0.0,0.0,0.002375,0.002375,0.0,0.0,0.0,0.0,0.0,0.0,0.0,0.0,0.030303,0.0,0.030303,0.001188,443.0,59.0,471.0,28.0,RS1
184,2022,78.5,4.0,107.5,29.0,0.0,0.0,0.0,0.0,0.0,0.0,0.0,0.0,0.0,0.0,0.0,0.0,0.0,0.0,0.0,0.0,112.0,14.0,128.0,16.0,BME
185,2023,19.0,0.0,38.0,19.0,0.0,0.0,0.0,0.0,0.0,0.0,0.0,0.0,0.0,0.0,0.0,0.0,0.0,0.0,0.0,0.0,56.0,5.0,66.0,10.0,BME
186,2022,3617212.25,129471.5,6807709.45,3190497.2,0.014862,0.061828,0.009756,0.00625,0.020508,0.108108,0.014401,0.002337,0.017208,0.058266,0.011218,0.006836,0.006071,0.04,0.006016,0.010556,870377.0,56645.0,1892394.0,1022017.0,AAPL
187,2023,1509660.0,50686.8,2634910.3,1125250.3,0.010411,0.06044,0.010115,0.009798,0.009542,0.047085,0.007414,0.004258,0.019917,0.101716,0.016259,0.009582,0.002121,0.018433,0.00309,0.006448,427204.0,26588.0,767406.0,340202.0,AAPL
188,2022,1613061.6,50062.5,2778555.85,1165494.25,0.025974,0.181818,0.01304,0.009036,0.006048,0.034483,0.003645,0.004924,0.050673,0.142857,0.03565,0.017197,0.015902,0.013304,0.004882,0.007594,387563.0,23472.0,768344.0,380781.0,MSFT
189,2023,1291614.3,38035.4,1937666.5,646052.2,0.014019,0.024768,0.01152,0.006113,0.002224,0.019704,0.00128,0.002588,0.05913,0.168743,0.062246,0.071669,0.005194,0.014599,0.005113,0.004922,343217.0,18840.0,549870.0,206653.0,MSFT
190,2022,766487.5,19558.2,2003290.65,1236803.15,0.015016,0.25,0.007396,0.005186,0.021353,0.189655,0.011718,0.004256,0.067721,0.408163,0.070021,0.072399,0.011675,0.007576,0.004237,0.00699,214223.0,10675.0,623639.0,409416.0,AMZN
191,2023,407711.7,9400.7,750025.3,342313.6,0.014552,0.08,0.008497,0.005472,0.015329,0.15311,0.007967,0.001554,0.081907,0.249678,0.078015,0.089851,0.004087,0.083333,0.002763,0.002169,132971.0,8604.0,248964.0,115993.0,AMZN
192,2022,357670.0,14826.15,1329508.45,971838.45,0.049383,0.091324,0.02438,0.011318,0.009965,0.0,0.002671,0.000983,0.021563,0.052632,0.005888,0.003487,0.022727,0.004329,0.012516,0.016872,104422.0,7127.0,418345.0,313923.0,NVDA
193,2023,174613.9,7221.7,788440.6,613826.7,0.031097,0.066667,0.012809,0.004494,0.000345,0.0,0.001068,0.001361,0.033058,0.0,0.009443,0.001788,0.007583,0.069767,0.003489,0.005103,57694.0,3898.0,249703.0,192009.0,NVDA
194,2022,497776.15,12842.95,806680.9,308904.75,0.027641,0.25,0.020899,0.036145,0.014006,0.0,0.009282,0.022288,0.051739,0.422535,0.037406,0.021906,0.135747,0.05,0.102592,0.016628,124441.0,5752.0,248290.0,123849.0,GOOGL
195,2023,435385.4,12370.6,645716.8,210331.4,0.015163,0.031008,0.00891,0.016677,0.025944,0.0,0.022395,0.006993,0.078755,0.257576,0.071548,0.088644,0.031785,0.0,0.020844,0.008488,137965.0,7848.0,217954.0,79989.0,GOOGL
196,2022,2338742.0,60645.75,2888831.45,550089.45,0.010322,0.098592,0.009634,0.028986,0.007684,0.107143,0.006893,0.008414,0.051913,0.516129,0.053736,0.107004,0.023909,0.064865,0.021785,0.017766,371084.0,23222.0,546415.0,175331.0,META
197,2023,1129074.8,35390.0,1151151.0,22076.2,0.010321,0.034762,0.010143,0.062893,0.006064,0.03125,0.006022,0.013514,0.059535,0.222222,0.059598,0.136364,0.003618,0.015198,0.003533,0.088889,186814.0,13553.0,192051.0,5237.0,META
198,2022,4070869.95,153741.55,11793622.0,7722752.05,0.013605,0.055556,0.005976,0.008107,0.010471,0.042105,0.005136,0.0038,0.054076,0.23301,0.027163,0.010784,0.006517,0.031008,0.00489,0.006979,868251.0,56359.0,3284028.0,2415777.0,TSLA
199,2023,2127935.4,83459.1,5301511.7,3173576.3,0.018292,0.059983,0.010297,0.005069,0.007693,0.018079,0.00458,0.001795,0.015089,0.04582,0.005912,0.001009,0.005069,0.020619,0.001757,0.003177,451158.0,31279.0,1437493.0,986335.0,TSLA
200,2022,107992.35,4311.15,162762.95,54770.6,0.024055,0.0,0.025397,0.041667,0.024938,0.0,0.016129,0.04,0.00551,0.0,0.030928,0.039474,0.061538,0.222222,0.026667,0.063337,30647.0,2561.0,61664.0,31017.0,UNH
201,2023,55840.4,1972.2,77003.1,21162.7,0.020979,0.0,0.052632,0.052632,0.002845,0.0,0.002299,0.0,0.001975,0.0,0.033333,0.051724,0.013514,0.019293,0.007812,0.007782,16516.0,1087.0,25215.0,8699.0,UNH
202,2022,433864.0,12813.8,619440.45,185576.45,0.031067,0.190476,0.022977,0.025424,0.039366,0.069767,0.035215,0.016949,0.011676,0.016393,0.007242,0.016393,0.048983,0.0,0.034541,0.035253,121694.0,7877.0,192339.0,70645.0,XOM
203,2023,210701.0,5568.3,265977.0,55276.0,0.036585,0.197368,0.013158,0.048387,0.04721,0.0625,0.020905,0.004746,0.013349,0.0,0.011511,0.008455,0.023241,0.003484,0.020483,0.007368,76122.0,3932.0,95201.0,19079.0,XOM
204,2022,285211.2,11698.5,395844.15,110632.95,0.09322,0.2,0.062678,0.026667,0.0125,0.039216,0.005038,0.011765,0.005722,0.045455,0.004109,0.006338,0.041166,0.031206,0.028881,0.044029,87921.0,6998.0,133408.0,45487.0,JNJ
205,2023,232809.0,8970.8,287462.5,54653.5,0.029685,0.4,0.017299,0.027624,0.000511,0.0,0.001835,0.006086,0.047468,0.307692,0.057851,0.069204,0.022663,0.0,0.010526,0.003064,90113.0,6426.0,108344.0,18231.0,JNJ
206,2022,356736.3,25583.55,693132.65,336396.35,0.04249,0.049407,0.036698,0.013289,0.032653,0.039216,0.016092,0.012698,0.063358,0.278075,0.059628,0.052584,0.02934,0.049383,0.040134,0.05459,58861.0,12838.0,136738.0,77877.0,JPM
207,2023,250009.8,14366.5,419244.5,169234.7,0.011529,0.013889,0.008315,0.009234,0.007768,0.0,0.003854,0.003419,0.013255,0.071599,0.011619,0.015823,0.016575,0.091255,0.011406,0.009604,58463.0,7767.0,104025.0,45562.0,JPM
208,2022,66864.8,2401.0,116286.5,49421.7,0.5,0.086957,0.142857,0.142857,0.027119,0.0,0.017544,0.018182,0.0,0.0,0.008837,0.022814,0.118796,0.037306,0.133333,0.148148,21169.0,1739.0,40589.0,19420.0,V
209,2023,39509.4,924.5,54158.4,14649.0,0.133333,0.0,0.048387,0.037383,0.034314,0.0,0.034388,0.0625,0.003205,0.0,0.002849,0.002379,0.035714,0.0,0.017595,0.010526,14314.0,779.0,20594.0,6280.0,V
210,2022,146645.65,5079.2,201633.6,54987.95,0.075,0.285714,0.045662,0.043478,0.008543,0.222222,0.00727,0.034483,0.020243,0.0,0.015449,0.006098,0.117647,0.142857,0.038217,0.038375,44216.0,3151.0,65721.0,21505.0,PG
211,2023,88038.1,2880.5,106405.2,18367.1,0.03125,0.0,0.040816,0.058824,0.001469,0.043478,0.003914,0.028777,0.028169,1.0,0.01875,0.0,0.018779,0.039669,0.0125,0.02454,28220.0,1938.0,34793.0,6573.0,PG
212,2022,108572.1,3941.5,152800.3,44228.2,0.307692,0.083333,0.142857,0.076923,0.01432,0.0,0.008368,0.019231,0.007731,0.0,0.005914,0.006557,0.059322,0.2,0.075031,0.143885,32679.0,2458.0,49864.0,17185.0,LLY
213,2023,67706.8,2622.0,87131.0,19424.2,0.040816,0.090909,0.033014,0.05,0.000762,0.0,0.007937,0.01227,0.006791,0.111111,0.004608,0.005587,0.012158,0.0,0.010475,0.0625,19299.0,1576.0,26486.0,7187.0,LLY
214,2022,297081.1,9209.0,408395.15,111314.05,0.27027,1.0,0.033784,0.037037,0.015625,0.0,0.0032,0.007463,0.003018,0.0,0.004448,0.019971,0.016903,0.083333,0.014823,0.034417,68177.0,5109.0,106038.0,37861.0,MA
215,2023,108789.1,3762.9,143684.7,34895.6,0.028857,0.191489,0.018625,0.023747,0.020033,0.235294,0.021352,0.02459,0.019717,0.0,0.012729,0.006135,0.039053,0.0,0.036244,0.029304,29195.0,1938.0,43171.0,13976.0,MA
216,2022,217374.5,7861.0,354249.45,136874.95,0.055085,0.222222,0.039594,0.02346,0.072013,0.129412,0.034788,0.014458,0.010652,0.0,0.006289,0.00885,0.060606,0.142857,0.031169,0.030227,41244.0,3755.0,79826.0,38582.0,HD
217,2023,141494.2,5789.2,190047.3,48553.1,0.026978,0.0,0.013032,0.010152,0.015584,0.021277,0.011936,0.027211,0.029412,0.0,0.017921,0.010881,0.031496,0.0,0.023342,0.016461,26537.0,2394.0,39310.0,12773.0,HD
218,2022,95757.9,2820.8,139957.65,44199.75,0.142857,0.25,0.059629,0.051282,0.006074,0.0,0.020202,0.024691,0.066667,0.0,0.040816,0.025641,0.059701,0.022222,0.039604,0.054795,26891.0,1991.0,43968.0,17077.0,MRK
219,2023,95156.2,4433.5,125433.7,30277.5,0.0625,0.245283,0.056338,0.061224,0.0,0.0,0.002123,0.007862,0.011461,0.0,0.005469,0.00625,0.2,0.0,0.050891,0.048583,26246.0,1913.0,36696.0,10450.0,MRK
220,2022,110867.9,5072.8,143152.1,32284.2,0.088235,1.0,0.153846,0.153846,0.013423,0.0,0.010309,0.008333,0.238095,0.071429,0.108696,0.041451,0.104348,0.003851,0.06366,0.183206,39461.0,2704.0,53801.0,14340.0,AVGO
221,2023,45906.5,2000.5,59413.7,13507.2,0.067797,0.111111,0.056604,0.12,0.001654,0.0,0.003595,0.006342,0.037037,0.0,0.026667,0.020408,0.045977,0.0,0.15,0.15,16463.0,1157.0,22079.0,5616.0,AVGO
222,2022,384055.8,10941.8,523642.35,139586.55,0.025248,0.166667,0.013559,0.018975,0.187266,0.363636,0.12987,0.014286,0.016107,0.2,0.011068,0.041391,0.034861,0.189055,0.035311,0.037736,104738.0,6120.0,163243.0,58505.0,CVX
223,2023,183453.1,5646.7,219370.9,35917.8,0.024316,0.0625,0.027491,0.029851,0.016073,0.014286,0.014025,0.012461,0.001625,0.0,0.002012,0.009479,0.016143,0.0,0.014212,0.032303,55671.0,2862.0,65961.0,10290.0,CVX
224,2022,126143.35,4560.5,173207.85,47064.5,0.063694,0.053571,0.059701,0.1,0.030303,0.0,0.008757,0.027778,0.104678,0.230337,0.127679,0.19378,0.051282,0.0,0.046332,0.073171,33452.0,2481.0,53150.0,19698.0,PEP
225,2023,62814.8,1876.0,79252.4,16437.6,0.038023,0.142857,0.029056,0.061538,0.00232,0.0,0.001963,0.0,0.155844,0.0,0.035966,0.006693,0.090909,0.117647,0.04222,0.036145,16899.0,1057.0,24597.0,7698.0,PEP
226,2022,64473.6,3720.7,114043.25,49569.65,0.2,0.133333,0.038567,0.02005,0.003973,0.0,0.01122,0.024096,0.423077,0.0,0.056893,0.013986,0.054054,0.011236,0.014888,0.035191,20442.0,1775.0,37785.0,17343.0,ABBV
227,2023,51347.4,1790.3,64861.0,13513.6,0.118182,0.0,0.06383,0.066667,0.008403,0.0,0.005952,0.004843,0.018182,0.0,0.007868,0.015873,0.1,0.0,0.078689,0.027027,16274.0,1113.0,21450.0,5176.0,ABBV
228,2022,775888.7,23660.6,1584111.25,808222.55,0.03125,0.222222,0.020157,0.016083,0.015936,0.07722,0.011916,0.003546,0.007663,0.014706,0.002919,0.000897,0.014503,0.059701,0.008527,0.006237,172318.0,13957.0,395244.0,222926.0,PFE
229,2023,194105.5,6988.9,482147.0,288041.5,0.02555,0.5,0.015437,0.010737,0.019984,0.011765,0.007777,0.004283,0.002907,0.0,0.002221,0.006974,0.007376,0.090909,0.004043,0.002035,49932.0,3870.0,120738.0,70806.0,PFE
230,2022,201603.55,8429.75,448237.4,246633.85,0.037736,0.25,0.012605,0.006969,0.059389,0.153846,0.032136,0.00619,0.035714,0.0,0.004037,0.00397,0.04918,0.071429,0.02475,0.028846,55675.0,4182.0,138284.0,82609.0,COST
231,2023,91725.0,3779.5,159783.4,68058.4,0.009259,0.0,0.007754,0.011834,0.022715,0.375,0.013987,0.008032,0.015477,0.0,0.010405,0.004118,0.023723,0.0,0.019875,0.012903,24240.0,1740.0,45258.0,21018.0,COST
232,2022,493193.65,19781.6,1274947.5,781753.85,0.031439,0.1,0.012278,0.008099,0.012092,0.071429,0.00782,0.014094,0.010403,0.021739,0.003897,0.004354,0.01202,0.0,0.006462,0.017417,101407.0,9083.0,239373.0,137966.0,MCD
233,2023,233175.8,11060.5,375656.1,142480.3,0.020704,0.017391,0.010662,0.007729,0.034759,0.090909,0.016554,0.005352,0.09458,0.195821,0.07948,0.065632,0.019847,0.0,0.014572,0.014815,45292.0,3793.0,85378.0,40086.0,MCD
234,2022,211965.95,6286.0,320537.45,108571.5,0.040868,0.5,0.025985,0.105263,0.022676,0.071429,0.021505,0.021505,0.111111,0.666667,0.0669,0.090652,0.075,0.111111,0.05959,0.07191,52531.0,3210.0,89353.0,36822.0,CRM
235,2023,240141.9,7928.9,267656.4,27514.5,0.025177,0.25,0.024187,0.039448,0.024096,0.00372,0.017544,0.0,0.120261,0.5,0.11407,0.136752,0.032,0.064516,0.027335,0.019417,61890.0,3747.0,72041.0,10151.0,CRM
236,2022,893786.95,35972.0,1528669.35,634882.4,0.019108,0.125,0.011573,0.003704,0.006164,0.066667,0.005366,0.006674,0.031898,0.3,0.03542,0.042071,0.022365,0.029412,0.008392,0.01451,196473.0,14291.0,372470.0,175997.0,WMT
237,2023,312867.1,13509.1,516585.2,203718.1,0.009601,0.038835,0.006012,0.004119,0.006085,0.025974,0.004109,0.004118,0.066235,0.291667,0.061781,0.049362,0.029232,0.0,0.020184,0.008284,73834.0,5537.0,131387.0,57553.0,WMT
238,2022,54916.25,1892.5,88754.7,33838.45,0.166667,0.666667,0.086207,0.25,0.015873,0.0,0.015789,0.018018,0.004329,0.0,0.021978,0.025316,0.059701,0.083333,0.050314,0.083333,21280.0,1546.0,29873.0,8593.0,TMO
239,2023,27678.1,1147.0,37657.6,9979.5,0.071429,0.2,0.071429,0.076923,0.017341,0.0,0.013348,0.049383,0.031332,0.058824,0.035794,0.148148,0.019802,0.0,0.108108,0.12766,10135.0,757.0,12979.0,2844.0,TMO
240,2022,107682.3,2977.2,120913.65,13231.35,0.096774,0.125,0.086957,0.235294,0.002431,0.0,0.002982,0.009259,0.066069,0.28125,0.064388,0.285714,0.068966,0.090909,0.058824,0.0,29428.0,1522.0,38857.0,9429.0,CSCO
241,2023,127141.3,4778.5,134893.6,7752.3,0.036364,0.142857,0.038147,0.054054,0.037106,0.0,0.033727,0.0,0.18701,0.390244,0.161979,0.057143,0.02122,0.028571,0.020495,0.043478,31113.0,1887.0,33636.0,2523.0,CSCO
242,2022,254675.15,17777.45,502876.55,248201.4,0.017544,0.0625,0.009792,0.009792,0.03125,0.028571,0.008529,0.003678,0.005597,0.017751,0.003776,0.005883,0.030384,0.222222,0.062146,0.102626,36179.0,5915.0,103167.0,66988.0,BAC
243,2023,107532.1,5904.8,214939.6,107407.5,0.024096,0.117647,0.008485,0.003776,0.007553,0.0,0.001464,0.002193,0.020513,0.307167,0.064516,0.074567,0.011494,0.014035,0.007642,0.009197,17419.0,2049.0,48352.0,30933.0,BAC
244,2022,99163.95,2818.5,147161.4,47997.45,0.090909,1.0,0.084507,0.111111,0.006854,0.0,0.006363,0.001402,0.015038,0.0,0.008628,0.011364,0.095618,0.3,0.077544,0.049485,22576.0,1555.0,36019.0,13443.0,ABT
245,2023,174047.0,3481.0,183968.6,9921.6,0.042311,0.2,0.038737,0.060606,0.004494,0.0,0.008547,0.009346,0.205882,1.0,0.040201,0.034247,0.033946,0.0,0.02943,0.020408,24262.0,1483.0,27617.0,3355.0,ABT
246,2022,43795.75,1917.2,91594.4,47798.65,0.105263,0.0,0.040268,0.090909,0.0,0.0,0.019608,0.027778,0.0,0.0,0.013722,0.021739,0.060606,0.0,0.057613,0.057613,12108.0,992.0,20184.0,8076.0,ACN
247,2023,31354.7,860.5,34998.2,3643.5,0.021352,0.142857,0.125,0.125,0.005464,0.0,0.005076,0.0,0.222222,0.071279,0.2,0.307692,0.035088,0.0,0.031746,0.0375,8164.0,605.0,9581.0,1417.0,ACN
248,2022,108614.95,2729.0,1227763.35,1119148.4,0.235294,1.0,0.013468,0.012862,0.0,0.0,0.001814,0.001971,0.033898,0.0,0.004506,0.002828,0.027044,0.076923,0.013406,0.006799,30064.0,1325.0,406819.0,376755.0,AMD
249,2023,112331.8,4679.4,280491.0,168159.2,0.04439,0.333333,0.020021,0.011834,0.019175,0.0,0.007553,0.001471,0.0025,0.0,0.005362,0.00638,0.024634,0.0,0.011824,0.007477,37790.0,2660.0,100165.0,62375.0,AMD
250,2022,131080.95,4669.2,200804.35,69723.4,0.094276,0.2,0.059309,0.027778,0.013423,0.153846,0.025316,0.025316,0.098361,0.5,0.023438,0.022684,0.087774,0.0,0.055238,0.045113,40782.0,2671.0,62899.0,22117.0,CMCSA
251,2023,61934.6,1971.3,87642.4,25707.8,0.035188,0.2,0.033154,0.028571,0.006481,0.0,0.004161,0.007547,0.032129,0.00905,0.042553,0.04878,0.031915,0.05,0.020297,0.027804,16894.0,1054.0,25618.0,8724.0,CMCSA
252,2022,249908.85,7084.7,366837.6,116928.75,0.10989,0.142857,0.0377,0.014493,0.007752,0.0,0.005602,0.012195,0.051546,0.2,0.03252,0.052052,0.025424,0.166667,0.045455,0.056872,61813.0,3840.0,106437.0,44624.0,ADBE
253,2023,97265.3,2537.5,131279.4,34014.1,0.026936,0.2,0.01844,0.030864,0.007143,0.0,0.005894,0.00815,0.04878,0.125,0.013497,0.02139,0.019763,0.043478,0.016202,0.035088,28126.0,1593.0,40738.0,12612.0,ADBE
254,2022,701860.2,24848.15,1270337.95,568477.75,0.036518,0.142857,0.016516,0.010388,0.03591,0.285714,0.026835,0.016494,0.029498,0.07971,0.034644,0.062834,0.044957,0.066667,0.022069,0.019229,134860.0,10899.0,318561.0,183701.0,DIS
255,2023,566718.3,20359.1,668551.2,101832.9,0.015938,0.216867,0.010332,0.009103,0.023847,0.16,0.019661,0.031332,0.096794,0.214286,0.097992,0.105761,0.026647,0.034783,0.022264,0.009211,109517.0,8046.0,141164.0,31647.0,DIS
256,2022,728879.05,32879.0,1672703.4,943824.35,0.021486,0.114286,0.011856,0.005291,0.016908,0.036585,0.011379,0.007937,0.050245,0.197044,0.045707,0.044173,0.014315,0.035714,0.0061,0.012822,123737.0,11446.0,405455.0,281718.0,NFLX
257,2023,251251.5,10963.1,548377.8,297126.3,0.010909,0.042553,0.008431,0.006288,0.00463,0.010753,0.002989,0.002259,0.018184,0.08,0.015278,0.011855,0.016048,0.043011,0.011671,0.005653,46033.0,4191.0,130846.0,84813.0,NFLX
258,2022,178007.25,10184.8,280533.3,102526.05,0.039604,0.045455,0.015936,0.011144,0.023256,0.2,0.011905,0.011679,0.103896,0.125,0.050829,0.05814,0.078431,0.113208,0.055866,0.086957,27643.0,4312.0,54301.0,26658.0,WFC
259,2023,78179.6,4460.7,123605.2,45425.6,0.021505,0.005882,0.013383,0.007874,0.012516,0.035714,0.010536,0.008197,0.077788,0.192308,0.079878,0.089494,0.042214,0.270677,0.087052,0.154541,12661.0,1955.0,26286.0,13625.0,WFC
260,2022,47448.6,2031.5,66292.7,18844.1,0.181818,0.0,0.047619,0.060606,0.0,0.0,0.027027,0.074074,0.006828,0.0,0.00579,0.0,0.041918,0.0,0.054795,0.133333,12316.0,922.0,19232.0,6916.0,TXN
261,2023,34624.5,1389.2,41471.4,6846.9,0.1,0.2,0.064516,0.5,0.0,0.0,0.0,0.0,0.00431,0.0,0.013123,0.05814,0.026918,0.0,0.024357,0.065574,9490.0,712.0,12355.0,2865.0,TXN
262,2022,290675.6,9524.5,473269.0,182593.4,0.25,0.2,0.020702,0.018322,0.022727,1.0,0.012026,0.009029,0.106813,0.387097,0.099072,0.124194,0.046512,0.0,0.017192,0.029925,83037.0,5051.0,145242.0,62205.0,ORCL
263,2023,116758.1,2762.0,186202.7,69444.6,0.054559,0.2,0.029899,0.0316,0.00939,0.0,0.005291,0.004376,0.048816,0.097087,0.022781,0.012433,0.097561,0.166667,0.013158,0.014098,32278.0,1595.0,56661.0,24383.0,ORCL
264,2022,161654.85,6688.0,264408.75,102753.9,0.133971,0.714286,0.082353,0.03125,0.012552,0.181818,0.006987,0.014706,0.071429,0.043478,0.010526,0.01227,0.035088,0.0,0.024641,0.024641,38872.0,3123.0,69216.0,30344.0,VZ
265,2023,83776.9,3304.1,110094.2,26317.3,0.058568,0.095238,0.047782,0.038462,0.015094,0.066667,0.01278,0.00626,0.023449,0.0,0.021779,0.005698,0.052258,0.0,0.046058,0.056738,23820.0,1610.0,30717.0,6897.0,VZ
266,2022,39086.7,1197.0,51624.25,12537.55,0.1,0.0,0.166667,0.5,0.0,0.0,0.004065,0.004739,0.0,0.0,0.006061,0.025,0.054795,0.5,0.050847,0.028689,14858.0,1221.0,21337.0,6479.0,DHR
267,2023,24196.2,1021.0,30728.7,6532.5,0.066667,0.0,0.039216,0.090909,0.0,0.0,0.0,0.0,0.008,0.0,0.008,0.0,0.107143,0.0,0.064034,0.181818,9090.0,673.0,11613.0,2523.0,DHR
268,2022,45615.1,1638.5,57331.35,11716.25,0.25,0.0,0.04534,0.066667,0.002747,0.0,0.002611,0.0,0.043478,0.0,0.026667,0.0,0.057143,0.0,0.142857,0.153846,12860.0,1142.0,18999.0,6139.0,NEE
269,2023,40977.6,1147.9,46615.5,5637.9,0.018809,0.0,0.01269,0.0,0.0,0.0,0.0,0.0,0.0,0.0,0.0,0.0,0.037037,0.0,0.035294,0.035714,11720.0,663.0,13787.0,2067.0,NEE
270,2022,46799.45,2649.0,67987.7,21188.25,0.069182,0.045455,0.057971,0.037037,0.0,0.0,0.026316,0.038462,0.002611,0.0,0.005731,0.029851,0.087912,0.0,0.057416,0.075949,14745.0,1514.0,22534.0,7789.0,PM
271,2023,32462.5,1190.5,38320.2,5857.7,0.129032,1.0,0.055402,0.043478,0.0,0.0,0.017241,0.027778,0.0,0.0,0.0,0.0,0.020833,0.0,0.02649,0.03252,9031.0,625.0,11534.0,2503.0,PM
272,2022,58465.45,2137.4,89546.35,31080.9,0.125,0.5,0.09375,0.084507,0.02276,0.0,0.015733,0.002886,0.05,0.0,0.031128,0.016949,0.060976,0.0,0.05814,0.153846,20113.0,1612.0,31716.0,11603.0,BMY
273,2023,24602.6,875.0,30469.7,5867.1,0.114286,0.5,0.114286,0.136364,0.007802,0.0,0.00705,0.0,0.0,0.0,0.009028,0.070588,0.01955,0.0,0.017757,0.012019,8210.0,565.0,10906.0,2696.0,BMY
274,2022,42390.95,1026.5,50208.65,7817.7,1.0,1.0,1.0,0.166667,0.142857,0.4,0.056911,0.111111,0.013746,0.0,0.012618,0.5,0.10084,0.0,0.10084,0.076923,13136.0,793.0,17432.0,4296.0,RTX
275,2023,33622.7,907.0,34505.9,883.2,1.0,1.0,1.0,0.333333,0.097561,0.2,0.097561,0.2,0.0,0.0,0.0,0.0,0.032432,0.0,0.040609,0.166667,8970.0,607.0,9434.0,464.0,RTX
276,2022,291461.1,13526.9,396798.65,105337.55,0.029345,0.166667,0.022371,0.125,0.021097,0.083333,0.011442,0.016667,0.049407,0.571429,0.029742,0.010672,0.032129,0.0,0.015915,0.018182,70913.0,5300.0,107534.0,36621.0,NKE
277,2023,93083.0,3280.9,114377.4,21294.4,0.055046,0.333333,0.041667,0.04,0.023195,0.166667,0.021287,0.0,0.030479,0.189189,0.02864,0.010204,0.009249,0.126316,0.009122,0.01757,23872.0,1584.0,31501.0,7629.0,NKE
278,2022,117367.95,3952.6,180072.65,62704.700000000004,0.114286,0.5,0.066667,0.093023,0.016064,0.0,0.016367,0.026042,0.031746,0.0,0.045455,0.052632,0.099174,0.083333,0.05985,0.04329,35897.0,2552.0,52445.0,16548.0,HON
279,2023,49063.6,1510.0,58817.6,9754.0,0.133333,0.5,0.063014,0.072289,0.017817,0.0,0.015326,0.010204,0.011152,0.0,0.009226,0.025,0.052459,0.0,0.047059,0.013245,15863.0,1035.0,21378.0,5515.0,HON
280,2022,87552.05,3654.5,119760.5,32208.45,0.054054,0.055556,0.051282,0.058824,0.014706,0.0,0.040909,0.052632,0.011429,0.0,0.025316,0.025316,0.056872,0.0,0.031332,0.058252,23927.0,1990.0,37227.0,13300.0,COP
281,2023,74843.4,1526.1,86096.7,11253.3,0.061728,0.0,0.017301,0.039216,0.005,0.0,0.00431,0.002727,0.0,0.0,0.009524,0.014286,0.033661,0.0,0.031128,0.202247,15951.0,932.0,19643.0,3692.0,COP
282,2022,64686.75,2007.5,75206.3,10519.55,0.1,0.0,0.041237,0.005236,0.096491,0.026316,0.091667,0.036364,0.039216,0.0,0.040201,0.166667,0.056604,0.0,0.056604,0.033898,18352.0,996.0,23425.0,5073.0,UPS
283,2023,33513.1,1035.5,35019.799999999996,1506.7,0.040404,0.0,0.040404,0.5,0.096774,0.125,0.085714,0.033146,0.146341,1.0,0.146341,0.071429,0.039604,0.0,0.039604,0.0,9791.0,574.0,10471.0,680.0,UPS
284,2022,130790.85,2167.65,437116.25,306325.4,0.103627,0.333333,0.03379,0.014815,0.058546,0.076923,0.033113,0.013265,0.08,0.25,0.041102,0.035995,0.025773,0.107143,0.013292,0.029499,36661.0,1263.0,133515.0,96854.0,INTC
285,2023,292936.4,13392.9,546830.5,253894.1,0.047337,0.070588,0.02538,0.037628,0.002626,0.018868,0.002634,0.003343,0.056186,0.428571,0.04794,0.027757,0.007567,0.010526,0.004185,0.00257,73169.0,4703.0,145326.0,72157.0,INTC
286,2022,77402.45,3788.2,107064.25,29661.8,0.113208,0.333333,0.078571,0.063492,0.009009,0.0,0.015504,0.055556,0.011628,0.0,0.005814,0.013514,0.029703,0.0,0.136364,0.137931,27628.0,2457.0,41087.0,13459.0,AMGN
287,2023,49758.7,3172.5,67156.3,17397.6,0.038911,0.0625,0.054054,0.054054,0.007905,0.0,0.003643,0.004184,0.073841,0.615385,0.0733,0.094218,0.019704,0.0,0.017531,0.032662,17298.0,1379.0,24979.0,7681.0,AMGN
288,2022,50895.8,2317.0,67354.45,16458.65,0.038462,0.0,0.035714,0.022989,0.192982,0.285714,0.152778,0.030303,0.05,0.051282,0.046243,0.083333,0.272727,0.121212,0.130435,0.026316,11349.0,1108.0,16458.0,5109.0,UNP
289,2023,34774.2,1828.5,41666.8,6892.6,0.038462,0.0,0.022727,0.031746,0.041013,0.0,0.036093,0.083333,0.142857,0.314286,0.023392,0.0625,0.013316,0.0,0.012151,0.025,7470.0,755.0,9704.0,2234.0,UNP
290,2022,86004.4,3375.0,135248.15,49243.75,0.067797,0.005464,0.051948,0.054795,0.005963,0.16,0.008439,0.020619,0.003022,0.0,0.060606,0.125,0.26087,0.0,0.2,0.013793,21797.0,1828.0,35292.0,13495.0,INTU
291,2023,38913.2,912.0,48683.1,9769.9,0.02765,0.3,0.073171,0.083916,0.008065,0.0,0.006757,0.0,0.111628,0.052632,0.055336,0.081633,0.03252,0.0,0.041916,0.06,10355.0,643.0,13191.0,2836.0,INTU
292,2022,290175.35,5491.5,321156.45,30981.1,0.011765,0.0,0.010667,0.071429,0.003727,0.0,0.041667,0.042553,0.008083,0.0,0.014815,0.022599,0.071429,0.0,0.066667,0.056075,39356.0,2336.0,45921.0,6565.0,SPGI
293,2023,300088.9,3933.4,316240.8,16151.9,0.007843,0.020408,0.007463,0.058824,0.007189,0.0,0.006718,0.011628,0.005188,0.0,0.005874,0.029412,0.011748,0.0,0.011161,0.07109,41137.0,2084.0,44974.0,3837.0,SPGI
294,2022,26929.65,1139.9,30389.25,3459.6,0.125,0.027855,0.083333,0.333333,0.0,0.0,0.0,0.0,0.0,0.0,0.020408,0.022222,0.073171,0.0,0.064171,0.272727,11716.0,808.0,14048.0,2332.0,MDT
295,2023,37148.7,1459.5,45598.9,8450.2,0.066667,1.0,0.058282,0.176471,0.0,0.0,0.0,0.0,0.113475,0.25,0.064706,0.277778,0.04428,0.083333,0.052632,0.052632,11654.0,785.0,13411.0,1757.0,MDT
296,2022,204585.1,8084.0,355050.0,150464.9,0.090909,1.0,0.064865,0.091286,0.006948,0.018182,0.005414,0.006431,0.006579,0.0,0.02213,0.048426,0.076867,0.052632,0.037927,0.066519,64941.0,4348.0,122204.0,57263.0,QCOM
297,2023,84953.5,3432.2,118139.2,33185.7,0.069304,0.5,0.06411,0.065574,0.003911,0.0,0.002403,0.0,0.063401,1.0,0.043651,0.034335,0.012493,0.0,0.009732,0.009975,30112.0,1962.0,44950.0,14838.0,QCOM
298,2022,551791.75,20499.35,1034774.1,482982.35,0.0375,0.1,0.015929,0.018536,0.085581,0.5,0.073637,0.093174,0.041322,0.4,0.021,0.005674,0.047016,0.066667,0.018771,0.023131,122812.0,9368.0,228024.0,105212.0,SBUX
299,2023,220551.1,7858.9,310165.6,89614.5,0.013333,0.066667,0.007299,0.027548,0.070485,0.222222,0.044173,0.041148,0.018654,0.226415,0.010707,0.007342,0.013618,0.040268,0.009699,0.020036,47912.0,3350.0,75087.0,27175.0,SBUX
300,2022,65440.05,1880.5,231512.5,166072.44999999998,0.081633,0.0,0.018868,0.020619,0.021444,0.0,0.016935,0.008772,0.031348,0.051282,0.060606,0.066074,0.016023,0.012821,0.011648,0.017699,17655.0,1008.0,53265.0,35610.0,T
301,2023,90596.2,3234.6,151322.2,60726.0,0.022222,0.025641,0.018226,0.017391,0.019608,0.111111,0.005774,0.017937,0.032258,0.0,0.015564,0.01023,0.012862,0.071429,0.012365,0.011905,23077.0,1480.0,34667.0,11590.0,T
302,2022,887263.0,33909.8,1309877.4,422614.4,0.019569,0.181818,0.016285,0.007233,0.037834,0.18267,0.032959,0.009033,0.026846,0.02139,0.013736,0.010817,0.017024,0.04,0.008959,0.051064,197338.0,16364.0,331581.0,134243.0,BA
303,2023,395092.0,15046.8,464954.7,69862.7,0.015532,0.014085,0.012795,0.019851,0.008416,0.117647,0.007802,0.013093,0.025573,0.014448,0.027001,0.042799,0.016505,0.035211,0.013806,0.012579,95653.0,7426.0,120942.0,25289.0,BA
304,2022,39790.55,1637.5,56192.45,16401.9,0.068966,0.0,0.043478,0.25,0.005814,0.0,0.005168,0.0,0.014414,0.0,0.0128,0.0,0.145946,0.0,0.144772,0.111111,12672.0,1179.0,22723.0,10051.0,PLD
305,2023,17311.2,634.0,20476.9,3165.7,0.022727,0.0,0.017544,0.038462,0.076923,0.0,0.030303,0.0,0.014599,0.0,0.01005,0.0,0.012346,0.111111,0.042857,0.05,6343.0,514.0,7650.0,1307.0,PLD
306,2022,103246.1,3085.5,151561.65,48315.55,0.1,0.1,0.067568,0.03,0.063091,0.5,0.035524,0.02381,0.078947,0.119048,0.064785,0.073675,0.125436,0.193548,0.060413,0.069767,28549.0,1712.0,42848.0,14299.0,GE
307,2023,45984.8,1564.5,62237.5,16252.7,0.032258,0.0,0.022124,0.040816,0.010638,0.0,0.007407,0.027027,0.035088,0.0,0.026726,0.045603,0.085714,0.0,0.076271,0.0625,14495.0,896.0,20462.0,5967.0,GE
308,2022,122753.2,5474.3,162044.8,39291.6,0.076923,1.0,0.070588,0.174757,0.024691,0.153846,0.021016,0.025157,0.025907,0.0,0.015625,0.071429,0.079208,0.0,0.075117,0.081744,28243.0,2429.0,36555.0,8312.0,CAT
309,2023,57528.9,2421.8,62345.6,4816.7,0.125,0.058824,0.071429,0.098361,0.087574,0.340909,0.086674,0.076923,0.01438,0.0,0.013642,0.083333,0.02122,0.0,0.021016,0.1,13446.0,1034.0,15046.0,1600.0,CAT
310,2022,28713.2,677.0,51011.5,22298.3,0.078431,0.0,0.077419,0.029851,0.071429,0.333333,0.046512,0.000912,0.0,0.0,0.083333,0.083333,0.005155,0.0,0.088235,0.136364,7151.0,474.0,11348.0,4197.0,ELV
311,2023,25147.6,794.0,27068.1,1920.5,0.022637,0.0,0.022637,0.08,0.007207,0.0,0.011976,0.021505,0.005246,0.0,0.009346,0.016129,0.053691,0.0,0.050955,0.021277,7446.0,535.0,7722.0,276.0,ELV
312,2022,218569.75,8586.6,338262.7,119692.95,0.129032,0.222222,0.031818,0.015625,0.007933,0.111111,0.020202,0.028571,0.0625,0.304348,0.067263,0.113245,0.019725,0.071856,0.020101,0.038583,32662.0,4001.0,64600.0,31938.0,GS
313,2023,226804.5,12097.3,315445.1,88640.6,0.02214,0.009709,0.007449,0.007429,0.003743,0.0,0.002548,0.005529,0.06549,0.3,0.063878,0.081129,0.030481,0.02454,0.012158,0.026966,38648.0,5212.0,63395.0,24747.0,GS
314,2022,185496.7,11318.6,303322.7,117826.0,0.033016,0.116883,0.028549,0.021978,0.018215,0.033333,0.011151,0.011245,0.068345,0.170213,0.058225,0.080035,0.045283,0.0,0.02963,0.034934,29700.0,5805.0,59183.0,29483.0,MS
315,2023,91282.6,6477.1,143469.7,52187.1,0.032147,0.032787,0.021094,0.011303,0.01363,0.013889,0.011287,0.00363,0.063548,0.153439,0.07683,0.112598,0.065949,0.123077,0.051561,0.02207,17207.0,3428.0,31880.0,14673.0,MS
316,2022,34257.7,1517.5,73913.75,39656.05,0.25,1.0,0.090909,0.090909,0.0,0.0,0.007168,0.013605,0.020761,0.0,0.015306,0.016129,0.015748,0.0,0.051502,0.051502,10035.0,1070.0,28840.0,18805.0,ISRG
317,2023,30550.7,1143.0,42157.8,11607.1,0.666667,0.0,0.133333,0.052632,0.0,0.0,0.0,0.0,0.00451,0.0,0.004459,0.0,0.1,0.0,0.076923,0.038265,9388.0,814.0,14814.0,5426.0,ISRG
318,2022,58970.2,2732.5,72707.05,13736.85,0.08,0.0,0.061538,0.033333,0.05,0.0,0.039216,0.076923,0.025641,0.0,0.017794,0.039604,0.059785,0.0,0.056201,0.016667,17842.0,1759.0,23852.0,6010.0,MDLZ
319,2023,29625.2,1273.0,40795.4,11170.2,0.05,0.038462,0.046512,0.0625,0.035088,0.0,0.032258,0.029412,0.010667,0.0,0.008016,0.0,0.214286,0.0,0.082759,0.023529,9551.0,770.0,12726.0,3175.0,MDLZ
320,2022,254496.15,7486.1,356298.55,101802.4,0.129032,0.296296,0.050544,0.031209,0.027027,0.5,0.029918,0.06135,0.01,0.0,0.006299,0.009217,0.017335,0.0,0.059406,0.1,54683.0,3948.0,90726.0,36043.0,LMT
321,2023,104959.4,3389.7,141279.3,36319.9,0.027484,0.055556,0.022436,0.019436,0.04918,0.222222,0.024896,0.058394,0.025862,0.0,0.011905,0.014085,0.005906,0.033333,0.007612,0.022167,23083.0,1697.0,35238.0,12155.0,LMT
322,2022,45406.6,1551.0,89130.8,43724.2,0.166667,0.117647,0.035752,0.096154,0.0,0.0,0.002415,0.011173,0.009217,0.0,0.009242,0.012579,0.028103,0.0,0.021467,0.013514,12423.0,884.0,28341.0,15918.0,AMAT
323,2023,32480.800000000003,1456.0,41299.5,8818.7,0.2,0.025974,0.111111,0.111111,0.006079,0.0,0.004916,0.0,0.015504,0.0,0.012195,0.029851,0.024742,0.0,0.021898,0.008153,10941.0,803.0,14757.0,3816.0,AMAT
324,2022,85879.4,3137.4,140592.6,54713.2,0.125,0.266667,0.0625,0.065574,0.25,0.0,0.020833,0.020833,0.005348,0.0,0.004831,0.019802,0.086486,0.022857,0.065173,0.113208,23356.0,1904.0,38488.0,15132.0,NOW
325,2023,49035.5,1870.5,65502.7,16467.2,0.034884,0.0,0.033898,0.111111,0.008573,0.0,0.006001,0.00641,0.074074,0.0,0.020202,0.027778,0.051414,0.027211,0.103896,0.103896,15600.0,1163.0,21900.0,6300.0,NOW
326,2022,24721.35,1101.0,28159.5,3438.15,0.023981,0.0,0.023981,0.029197,0.0,0.0,0.0014,0.001407,0.022063,0.0,0.020065,0.0,0.058632,0.0,0.166667,0.166667,6710.0,710.0,7724.0,1014.0,BKNG
327,2023,15035.6,632.1,18087.8,3052.2,0.019139,0.0,0.017467,0.090909,0.0,0.0,0.0,0.0,0.052632,0.0,0.028571,0.0,0.026966,0.0,0.046512,0.105263,4855.0,497.0,6072.0,1217.0,BKNG
328,2022,108798.6,4473.0,178015.2,69216.6,0.2,0.333333,0.03869,0.02439,0.041667,0.0,0.012539,0.0181,0.052632,0.0,0.015564,0.015727,0.019737,0.0,0.026936,0.055944,28970.0,2733.0,54190.0,25220.0,GILD
329,2023,37808.7,1566.0,55323.9,17515.2,0.1,0.0,0.036036,0.037736,0.002907,0.0,0.002439,0.011561,0.007884,0.0,0.014252,0.023256,0.004367,0.0,0.010989,0.023256,12336.0,967.0,18727.0,6391.0,GILD
330,2022,88170.9,4138.5,180577.1,92406.2,0.044776,0.076923,0.023256,0.111111,0.00949,0.0,0.00823,0.020833,0.003125,0.0,0.002265,0.002461,0.067039,0.142857,0.060914,0.025,29660.0,2149.0,58890.0,29230.0,BLK
331,2023,23785.5,867.0,32181.3,8395.8,0.027027,0.0,0.014184,0.024691,0.00565,0.090909,0.005319,0.0,0.040112,0.105263,0.047325,0.10101,0.066901,0.0,0.060317,0.007634,5727.0,487.0,8892.0,3165.0,BLK
332,2022,116249.55,2801.5,181862.5,65612.95,0.089552,0.333333,0.043624,0.125,0.141176,0.095238,0.087977,0.099338,0.013115,0.0,0.010843,0.011236,0.018779,0.066667,0.018439,0.031496,22543.0,1653.0,48675.0,26132.0,DE
333,2023,49099.0,982.0,67271.0,18172.0,0.025,1.0,0.02439,0.038095,0.142857,0.0,0.053933,0.020408,0.007075,0.333333,0.006468,0.006435,0.011675,0.0,0.009878,0.011236,10345.0,683.0,16075.0,5730.0,DE
334,2022,15379.55,680.0,18765.7,3386.15,1.0,0.125,0.222222,0.060606,0.25,0.0,0.1,0.0,0.0,0.0,0.0,0.0,0.196078,0.0,0.179641,0.029851,5693.0,466.0,7763.0,2070.0,SYK
335,2023,4822.6,250.0,6002.6,1180.0,0.083333,0.0,0.066667,0.076923,0.0,0.0,0.0,0.0,0.0,0.0,0.032258,0.04,0.006944,0.0,0.006329,0.0,2274.0,201.0,2954.0,680.0,SYK
336,2022,144077.8,4248.5,179281.7,35203.9,0.077922,0.0,0.030769,0.022989,0.033333,0.0,0.018868,0.015873,0.0181,0.0625,0.011142,0.025806,0.10274,0.0,0.056604,0.139535,34983.0,2155.0,48068.0,13085.0,AXP
337,2023,62327.2,1766.0,77014.1,14686.9,0.041379,0.0,0.039216,0.090909,0.012407,0.0,0.009891,0.0,0.019251,0.001874,0.01676,0.004717,0.053097,0.0,0.036585,0.028369,17271.0,979.0,23238.0,5967.0,AXP
338,2022,35111.75,1355.0,83160.95,48049.200000000004,0.166667,0.0,0.012903,0.012903,0.03125,0.0,0.027397,0.028571,0.055556,0.0,0.042857,0.0,0.264706,0.0,0.225,0.011494,9609.0,829.0,31468.0,21859.0,TJX
339,2023,21924.1,666.0,30715.0,8790.9,0.000578,0.0,0.000465,0.0,0.0,0.0,0.0,0.0,0.0,0.0,0.0,0.0,0.051724,0.0,0.046512,0.005848,6681.0,437.0,13268.0,6587.0,TJX
340,2022,25663.95,570.4,33914.65,8250.7,0.044444,0.0,0.095238,0.2,0.151515,0.0,0.125,0.05,0.030769,0.0,0.015385,0.0,0.08,0.0,0.065217,0.021277,6693.0,488.0,12808.0,6115.0,ADP
341,2023,18921.9,537.5,21182.9,2261.0,0.074074,0.0,0.074074,0.0,0.008264,0.0,0.007092,0.032258,0.035124,0.0,0.041667,0.142857,0.03352,0.0,0.033333,0.037975,5211.0,359.0,6394.0,1183.0,ADP
342,2022,56999.8,2355.0,183603.30000000002,126603.5,0.057692,0.25,0.043165,0.014085,0.017544,0.090909,0.038462,0.038462,0.012959,0.090909,0.045455,0.047619,0.101266,0.109091,0.067227,0.063158,17888.0,1402.0,37740.0,19852.0,CVS
343,2023,45352.2,1562.5,69330.9,23978.7,0.025641,0.090909,0.015209,0.018692,0.009709,0.0,0.004255,0.0,0.014156,0.0,0.008101,0.010256,0.015306,0.0,0.008317,0.005988,15691.0,1000.0,25111.0,9420.0,CVS
344,2022,40175.2,1861.5,61850.65,21675.45,0.1,0.1,0.090909,0.5,0.0,0.0,0.009662,0.013793,0.013477,0.074074,0.013477,0.020619,0.093023,0.0,0.093023,0.055556,12945.0,1089.0,20829.0,7884.0,ADI
345,2023,21203.6,765.0,23519.4,2315.8,0.076923,1.0,0.069895,0.2,0.003704,0.0,0.003636,0.0,0.0,0.0,0.0,0.0,0.019544,0.0,0.018927,0.0,7531.0,602.0,8702.0,1171.0,ADI
346,2022,292508.8,17567.05,468271.60000000003,175762.8,0.053333,0.071429,0.026556,0.009596,0.072235,0.03125,0.055054,0.006935,0.054002,0.113208,0.032009,0.023256,0.033803,0.0,0.02181,0.022684,56089.0,9264.0,104810.0,48721.0,C
347,2023,102570.1,6190.8,159059.9,56489.8,0.015228,0.015936,0.008798,0.013953,0.017045,0.0,0.009656,0.00464,0.043987,0.155477,0.042892,0.034976,0.035088,0.087805,0.019449,0.036145,20704.0,4079.0,36365.0,15661.0,C
348,2022,42217.3,1283.0,67763.55,25546.25,0.108108,0.190476,0.055696,0.098039,0.026316,0.0,0.014085,0.000153,0.0,0.0,0.0,0.0,0.166667,0.166667,0.108108,0.108108,15548.0,1008.0,24912.0,9364.0,VRTX
349,2023,20207.8,729.9,25978.3,5770.5,0.103896,0.25,0.095238,0.095238,0.0,0.0,0.0,0.0,0.0,0.0,0.004598,0.039216,0.110633,0.0,0.100727,0.137931,8346.0,627.0,10619.0,2273.0,VRTX
350,2022,35352.15,1323.75,43180.65,7828.5,0.054545,0.333333,0.068966,0.166667,0.014815,0.0,0.013072,0.018391,0.0,0.0,0.003373,0.031746,0.133333,0.166667,0.071429,0.111111,8560.0,958.0,12207.0,3647.0,MMC
351,2023,18407.3,622.0,19655.2,1247.9,0.044118,0.0,0.034483,0.071429,0.0,0.0,0.0,0.0,0.25,0.013986,0.05,0.0,0.028571,0.0,0.020101,0.0,5561.0,555.0,6174.0,613.0,MMC
352,2022,16951.3,843.5,23922.9,6971.6,0.6,0.0,0.409091,0.083333,0.0,0.0,0.0,0.0,0.0,0.0,0.0,0.0,0.134831,0.0,0.082474,0.016393,6480.0,678.0,10087.0,3607.0,AMT
353,2023,13474.8,625.5,16364.3,2889.5,0.032258,0.0,0.027027,0.058824,0.0,0.0,0.0,0.0,0.0,0.0,0.006215,0.030864,0.008649,0.0,0.00852,0.0,4595.0,389.0,5842.0,1247.0,AMT
354,2022,59328.25,2974.5,130640.65,71312.4,0.052632,0.25,0.026846,0.038462,0.007752,0.0,0.005588,0.018349,0.024691,0.0,0.009966,0.012605,0.07767,0.0,0.055814,0.052632,16554.0,1268.0,39608.0,23054.0,MO
355,2023,57081.7,1339.7,74706.8,17625.1,0.034557,0.615385,0.020126,0.012048,0.005891,0.0,0.00496,0.0,0.002312,0.0,0.005571,0.009302,0.033333,0.0,0.126582,0.126582,10801.0,715.0,16774.0,5973.0,MO
356,2022,53392.5,1872.5,87302.65,33910.15,0.034247,1.0,0.12,0.12,0.017544,0.0,0.011236,0.00056,0.108108,0.0,0.036866,0.042553,0.026316,0.25,0.009132,0.018519,13331.0,1234.0,23876.0,10545.0,SCHW
357,2023,62158.3,3758.5,156830.4,94672.1,0.031496,0.0,0.04878,0.04878,0.0,0.0,0.0,0.0,0.000363,0.058824,0.001206,0.003026,0.018164,0.007979,0.009709,0.009709,15271.0,1371.0,44299.0,29028.0,SCHW
358,2022,28284.1,1355.2,48300.4,20016.3,0.083333,0.0,0.068966,0.068966,0.0,0.0,0.001472,0.001473,0.0,0.0,0.0,0.0,0.011481,0.0,0.010917,0.010499,9676.0,888.0,16619.0,6943.0,REGN
359,2023,28339.7,1698.0,33337.1,4997.4,0.192308,0.0,0.08,0.037037,0.0,0.0,0.017241,0.021277,0.004089,0.0,0.003719,0.0,0.019481,0.0,0.018315,0.04878,10626.0,996.0,12864.0,2238.0,REGN
360,2022,33102.6,1209.5,42346.8,9244.2,0.095238,0.181818,0.25,0.25,0.004739,0.0,0.003922,0.0,0.0,0.0,0.0,0.0,0.041667,0.142857,0.039216,0.061538,8951.0,862.0,13330.0,4379.0,ZTS
361,2023,17979.2,804.0,20281.2,2302.0,0.0625,0.0,0.028269,0.0,0.0,0.0,0.0,0.0,0.0,0.0,0.001848,0.019048,0.021622,0.0,0.017621,0.0,5327.0,509.0,6327.0,1000.0,ZTS
362,2022,30327.0,921.8,37897.65,7570.65,0.111111,0.25,0.056338,0.055556,0.037037,0.1,0.019231,0.081633,0.0,0.0,0.0,0.0,0.090909,0.285714,0.054054,0.061538,7724.0,708.0,11515.0,3791.0,SO
363,2023,13794.7,410.0,16938.9,3144.2,0.181818,0.0,0.117647,0.047619,0.0,0.0,0.0,0.0,0.0,0.0,0.0,0.0,0.035503,0.0,0.032937,0.026316,4288.0,338.0,5627.0,1339.0,SO
364,2022,18007.1,409.0,23761.0,5753.9,0.051282,0.0,0.083333,0.5,0.20339,0.0,0.173913,0.085106,0.023256,0.0,0.018519,0.0,0.25,0.0,0.214286,0.162162,3748.0,442.0,5844.0,2096.0,PGR
365,2023,10792.4,325.6,12777.5,1985.1,0.0125,0.0,0.032258,0.035714,0.0,0.0,0.015873,0.015873,0.0,0.0,0.0,0.0,0.003433,0.0,0.032258,0.035714,2375.0,169.0,3266.0,891.0,PGR
366,2022,38231.3,1795.5,60993.7,22762.4,0.2,0.25,0.2,1.0,0.058824,0.0,0.021277,0.024242,0.039216,0.0,0.017691,0.062016,0.068966,0.0,0.048246,0.043011,12666.0,1163.0,21886.0,9220.0,LRCX
367,2023,23437.5,1075.4,29915.8,6478.3,0.037634,0.0,0.03444,0.0625,0.0,0.0,0.0,0.0,0.129032,1.0,0.114286,0.036765,0.056075,0.0,0.040678,0.002933,8445.0,635.0,11060.0,2615.0,LRCX
368,2022,53243.3,2647.0,80695.95,27452.65,0.1,0.0,0.046784,0.021053,0.285714,0.068966,0.285714,0.083333,0.001249,0.0,0.022388,0.048387,0.055172,0.0,0.056338,0.088,13669.0,1337.0,23347.0,9678.0,CI
369,2023,29459.6,1265.5,39652.1,10192.5,0.333333,0.0,0.285714,0.054054,0.010959,0.0,0.010959,0.003143,0.016447,0.013514,0.015919,0.013423,0.009926,0.0,0.007968,0.023529,8485.0,699.0,11714.0,3229.0,CI
370,2022,152404.8,6610.6,190990.65,38585.85,0.074074,0.0625,0.060606,0.5,0.125,0.002484,0.04,0.034483,0.012382,0.5,0.010942,0.076923,0.017544,0.044444,0.017316,0.011364,29821.0,2638.0,38206.0,8385.0,ADS
371,2023,87920.3,5251.0,90254.5,2334.2,0.131148,0.004706,0.131148,0.0,0.046693,0.0,0.046332,0.030303,0.071429,0.055556,0.068966,0.0,0.020443,0.042553,0.020443,0.004662,16358.0,1749.0,16868.0,510.0,ADS
372,2022,375462.35,13593.4,435788.45,60326.1,0.236842,1.0,0.142292,0.148837,0.026019,0.25,0.022892,0.009857,0.016327,0.04878,0.012658,0.012121,0.029067,0.176471,0.026345,0.08,98051.0,8471.0,115041.0,16990.0,AIR
373,2023,165498.2,5794.5,207417.8,41919.6,0.041237,0.5,0.023904,0.025862,0.011801,0.030769,0.008884,0.013378,0.009434,0.088235,0.007449,0.008811,0.011971,0.0625,0.011488,0.036364,46094.0,3709.0,56445.0,10351.0,AIR
374,2022,187673.9,6800.6,218154.65,30480.75,0.031153,0.5,0.031056,0.04,0.014085,0.0,0.021277,0.047619,0.014528,0.0,0.012739,0.006472,0.110599,0.066667,0.080537,0.333333,34823.0,3127.0,40218.0,5395.0,ALV
375,2023,74702.7,3123.0,82764.1,8061.4,0.008749,0.0,0.007622,0.074074,0.007273,0.0,0.023529,0.029412,0.014545,0.0,0.011905,0.0,0.060606,0.0,0.0375,0.020151,13863.0,1306.0,15329.0,1466.0,ALV
376,2022,124688.85,4409.7,160350.65,35661.8,0.111111,0.2,0.071742,0.046512,0.002963,0.02439,0.001929,0.000735,0.034483,0.070175,0.027192,0.023669,0.034826,0.007018,0.026975,0.021505,32919.0,2841.0,40418.0,7499.0,BAS
377,2023,56900.4,1938.0,68746.3,11845.9,0.045662,0.181818,0.041068,0.071429,0.002747,0.0,0.001953,0.001311,0.010172,0.039958,0.064516,0.142857,0.021792,0.111111,0.019846,0.0,17706.0,1075.0,20014.0,2308.0,BAS
378,2022,143069.7,5159.5,178968.2,35898.5,0.107784,0.2,0.067416,0.067416,0.022346,0.104651,0.018957,0.017241,0.010101,0.08,0.008326,0.015936,0.067416,0.068966,0.027564,0.090909,32364.0,2701.0,42194.0,9830.0,BAYN
379,2023,64795.1,2785.0,77246.0,12450.9,0.074074,0.333333,0.045472,0.097087,0.001965,0.0,0.005865,0.024691,0.008795,0.0,0.009401,0.014347,0.0375,0.0,0.032787,0.025974,16718.0,1401.0,20541.0,3823.0,BAYN
380,2022,333830.35,9888.95,351966.95,18136.6,0.461538,0.125,0.461538,0.055556,0.2,0.0,0.064516,0.1,0.05,0.0,0.037037,0.01105,0.017504,0.184615,0.030303,0.035088,67149.0,5123.0,71989.0,4840.0,BMW
381,2023,210447.6,6737.0,211861.5,1413.9,0.035427,0.181818,0.033951,0.105263,0.002852,0.0,0.002846,0.0,0.001783,0.0,0.001783,0.0,0.060504,0.036254,0.060504,0.0,44893.0,3295.0,45116.0,223.0,BMW
382,2022,10157.65,909.0,12154.65,1997.0,0.137931,1.0,0.111111,0.0625,0.0,0.0,0.0,0.0,0.0,0.0,0.0,0.0,0.25,0.015209,0.1,0.075949,2736.0,528.0,3154.0,418.0,BEI
383,2023,7796.8,522.0,8087.8,291.0,0.083333,0.0,0.083333,0.2,0.000632,0.010471,0.000631,0.0,0.0,0.0,0.0,0.0,0.013699,0.0,0.013333,0.0,2166.0,318.0,2224.0,58.0,BEI
384,2022,7867.25,547.5,10029.5,2162.25,0.066667,0.0,0.166667,0.166667,0.0,0.0,0.071429,0.071429,0.0,0.0,0.0,0.0,0.015957,0.0,0.05,0.05,2154.0,324.0,2477.0,323.0,BNR
385,2023,7862.5,567.5,8158.5,296.0,0.048387,0.0,0.048387,0.0,0.001472,0.0,0.001472,0.0,0.0,0.0,0.0,0.0,0.010821,0.073171,0.01061,0.0,2055.0,287.0,2142.0,87.0,BNR
386,2022,9900.7,331.5,10271.7,371.0,0.333333,0.0,0.333333,0.0,0.0,0.0,0.0,0.0,0.0,0.0,0.0,0.0,0.133333,0.2,0.133333,0.0,3470.0,182.0,3758.0,288.0,CON
387,2023,4990.9,268.5,5049.9,59.0,0.142857,0.0,0.142857,0.0,0.0,0.0,0.0,0.0,0.0,0.0,0.0,0.0,0.017857,0.0,0.017857,0.0,1619.0,114.0,1674.0,55.0,CON
388,2022,23379.95,1163.0,26449.1,3069.15,0.363636,0.2,0.363636,0.166667,0.0,0.0,0.010101,0.071429,0.003906,0.0,0.003891,0.0,0.065574,0.2,0.065574,0.111111,6051.0,712.0,7240.0,1189.0,1COV
389,2023,13656.2,607.0,13976.7,320.5,0.095238,0.25,0.095238,0.25,0.0,0.0,0.0,0.0,0.047619,0.0,0.047619,0.0,0.034884,0.034884,0.034682,0.0,4002.0,405.0,4124.0,122.0,1COV
390,2022,129211.6,10245.3,173132.55,43920.95,0.08,0.4,0.141538,0.186235,0.044944,0.04,0.035359,0.024096,0.096921,0.368932,0.092266,0.052174,0.15,0.067797,0.121622,0.044118,19686.0,5371.0,28585.0,8899.0,DBK
391,2023,58274.6,4665.0,86969.4,28694.8,0.032051,0.020478,0.032258,0.057554,0.008409,0.027027,0.004646,0.005571,0.023941,0.196721,0.033589,0.118421,0.012605,0.051724,0.018349,0.024048,10055.0,2640.0,17693.0,7638.0,DBK
392,2022,8531.4,447.0,9198.15,666.75,0.222222,0.0,0.222222,0.0,0.0,0.0,0.0,0.0,0.0,0.0,0.0,0.0,0.037037,0.0,0.037037,0.0,2681.0,313.0,3653.0,972.0,DB1
393,2023,10335.7,520.0,10622.7,287.0,0.04918,0.0,0.046154,0.0,0.0,0.0,0.0,0.0,0.0,0.0,0.0,0.0,0.060606,0.0,0.060606,0.0,3492.0,359.0,3654.0,162.0,DB1
394,2022,24311.1,1014.5,30472.0,6160.9,0.666667,0.0,0.111111,0.055556,0.055556,0.0,0.055556,0.125,0.0,0.0,0.0,0.0,0.012289,0.0,0.011645,0.028571,5543.0,614.0,8216.0,2673.0,DPW
395,2023,28242.0,973.5,30223.0,1981.0,0.083333,0.0,0.076923,0.125,0.144289,0.4,0.140169,0.25,0.5,0.0,0.142857,0.0,0.120755,0.0,0.120755,0.0,4007.0,378.0,4645.0,638.0,DPW
396,2022,41350.3,2049.0,46280.3,4930.0,0.25,1.0,0.140845,0.285714,0.041667,0.0,0.041667,0.04878,0.00073,0.0,0.000728,0.0,0.072289,0.0,0.067416,0.038462,12733.0,1495.0,14550.0,1817.0,DTE
397,2023,18040.0,735.0,19053.1,1013.1,0.070175,1.0,0.1,0.5,0.0,0.0,0.0,0.0,0.005146,0.0,0.005146,0.0,0.076923,0.0,0.068182,0.054054,5826.0,523.0,6185.0,359.0,DTE
398,2022,4120.0,169.5,4419.5,299.5,0.009288,0.0,0.009288,0.0,0.0,0.0,0.0,0.0,0.0,0.0,0.0,0.0,1.0,0.0,1.0,0.0,1747.0,148.0,1970.0,223.0,DWNI
399,2023,1670.0,94.5,1743.5,73.5,0.0,0.0,0.0,0.0,0.0,0.0,0.0,0.0,0.0,0.0,0.0,0.0,0.012862,0.0,0.012862,0.0,651.0,60.0,671.0,20.0,DWNI
400,2022,27723.5,1425.5,43638.8,15915.3,0.5,0.0,0.045455,0.012121,0.020408,0.0,0.105263,0.105263,0.0,0.0,0.053691,0.108108,0.230769,0.003937,0.133333,0.1875,6529.0,722.0,9391.0,2862.0,FME
401,2023,13217.4,652.0,15514.6,2297.2,0.078947,0.0,0.083333,0.083333,0.0,0.0,0.011696,0.015152,0.015152,0.0,0.00312,0.0,0.052632,0.0,0.091954,0.15,3530.0,350.0,3912.0,382.0,FME
402,2022,5559.4,398.5,6563.9,1004.5,0.020305,0.0,0.020101,0.0,0.125,0.0,0.125,0.0,0.0,0.0,0.0,0.0,0.008621,0.0,0.008621,0.0,2179.0,300.0,3027.0,848.0,FRE
403,2023,3145.5,315.0,3411.0,265.5,0.029851,0.0,0.029851,0.0,0.0,0.0,0.0,0.0,0.0,0.0,0.0,0.0,0.028986,0.0,0.028986,0.0,981.0,163.0,1071.0,90.0,FRE
404,2022,8935.5,766.5,10635.2,1699.7,0.176471,1.0,0.166667,0.25,0.0,0.0,0.0,0.0,0.0,0.0,0.0,0.0,0.117647,0.0,0.117647,0.0,2242.0,416.0,3110.0,868.0,HEI
405,2023,2593.0,210.5,2705.0,112.0,0.014749,0.0,0.014749,0.0,0.0,0.0,0.0,0.0,0.0,0.0,0.0,0.0,0.0,0.0,0.0,0.0,984.0,127.0,1052.0,68.0,HEI
406,2022,17351.5,997.5,22022.65,4671.15,0.060606,0.0,0.051948,0.111111,0.026359,1.0,0.5,0.5,0.25,1.0,0.153846,0.125,0.01222,0.0,0.008811,0.0,4031.0,510.0,5107.0,1076.0,HFG
407,2023,8582.5,753.5,10827.3,2244.8,0.2,0.0,0.2,0.181818,0.0,0.0,0.013423,0.015504,0.363636,0.0,0.166667,0.013812,0.023121,0.0,0.076923,0.076923,1879.0,355.0,2549.0,670.0,HFG
408,2022,48776.85,2250.0,56220.45,7443.6,0.097826,1.0,0.089744,1.0,0.0,0.0,0.01278,0.01278,0.0,0.0,0.0,0.0,0.171429,0.1,0.074534,0.052632,12430.0,1295.0,14701.0,2271.0,IFX
409,2023,30981.0,1381.0,32434.2,1453.2,0.0625,0.666667,0.111111,1.0,0.016447,0.0,0.016447,0.0,0.002838,0.0,0.002705,0.0,0.04428,0.0,0.043636,0.016393,7956.0,874.0,8580.0,624.0,IFX
410,2022,45188.65,1782.5,55899.15,10710.5,1.0,1.0,1.0,0.142857,0.086957,0.0,0.013333,0.018182,0.00885,0.0,0.026667,0.031496,0.333333,0.0,0.182927,0.076433,12159.0,1040.0,14835.0,2676.0,MBG
411,2023,9635.7,309.5,10662.2,1026.5,0.25,0.0,0.25,0.666667,0.0,0.0,0.0,0.0,0.0,0.0,0.0,0.0,0.06015,0.0,0.052402,0.0,2922.0,208.0,3080.0,158.0,MBG
412,2022,95757.9,2820.8,139957.65,44199.75,0.142857,0.25,0.059629,0.051282,0.006074,0.0,0.020202,0.024691,0.066667,0.0,0.040816,0.025641,0.059701,0.022222,0.039604,0.054795,26891.0,1991.0,43968.0,17077.0,MRK
413,2023,95156.2,4433.5,125433.7,30277.5,0.0625,0.245283,0.056338,0.061224,0.0,0.0,0.002123,0.007862,0.011461,0.0,0.005469,0.00625,0.2,0.0,0.050891,0.048583,26246.0,1913.0,36696.0,10450.0,MRK
414,2022,5633.95,421.0,6888.45,1254.5,0.183673,0.5,0.333333,0.333333,0.021277,0.0,0.021277,0.0,0.0,0.0,0.0,0.0,0.033333,0.0,0.044444,0.044444,2104.0,327.0,2952.0,848.0,MTX
415,2023,3111.0,244.5,3438.5,327.5,0.046154,0.166667,0.046154,0.0,0.0,0.0,0.0,0.0,0.0,0.0,0.0,0.0,0.0,0.0,0.0,0.0,1079.0,176.0,1144.0,65.0,MTX
416,2022,30497.25,1387.4,33037.75,2540.5,0.2,0.181818,0.2,0.081633,0.027027,0.0,0.027027,0.0,0.000552,0.004566,0.000546,0.0,0.2,0.0,0.181818,0.052632,5314.0,617.0,5643.0,329.0,MUV2
417,2023,24222.6,956.7,25140.6,918.0,0.090909,0.006623,0.090909,0.0,0.0,0.0,0.0,0.0,0.0,0.0,0.0,0.0,0.016393,0.071429,0.01487,0.071429,3662.0,348.0,3848.0,186.0,MUV2
418,2022,36495.0,1288.5,48391.9,11896.9,0.571429,0.5,0.111111,0.026316,0.01005,0.0,0.055556,0.055556,0.001719,0.0,0.001716,0.003571,0.210526,0.043478,0.133333,0.021505,10350.0,747.0,13134.0,2784.0,PAH3
419,2023,68100.5,2443.9,69029.4,928.9,0.045045,0.333333,0.044709,0.023529,0.012678,0.0,0.012559,0.0,0.004444,0.066667,0.004367,0.0,0.012012,0.0,0.030227,0.141176,16862.0,1307.0,17136.0,274.0,PAH3
420,2022,25374.05,949.0,34179.65,8805.6,0.142857,0.022222,0.071429,0.088235,0.004695,0.0,0.066667,0.066667,0.009852,0.0,0.008889,0.0,0.071856,0.0,0.051282,0.012346,5002.0,460.0,7628.0,2626.0,PUM
421,2023,478.9,5.0,478.9,,0.0,0.0,0.0,,0.0,0.0,0.0,,0.0,0.0,0.0,,0.0,0.0,0.0,,175.0,17.0,175.0,,PUM
422,2022,18461.2,1195.5,22135.1,3673.9,0.5,0.5,1.0,1.0,0.02,0.0,0.052632,0.133333,0.181818,0.0,0.082192,0.125,0.022989,0.0,0.030303,0.030303,7023.0,817.0,8675.0,1652.0,QGEN
423,2023,10424.6,431.5,11333.7,909.1,0.181818,0.4,0.095238,0.09375,0.0,0.0,0.0,0.0,0.0,0.0,0.004515,0.086957,0.026316,0.0,0.057143,0.125,3840.0,405.0,4104.0,264.0,QGEN
424,2022,100033.05,3627.25,106847.45,6814.4,0.119403,0.25,0.089552,0.125,0.018957,0.133333,0.014448,0.0625,0.009009,0.0,0.008734,0.0,0.022573,0.037267,0.2,0.25,22864.0,2289.0,25114.0,2250.0,RWE
425,2023,81699.3,1393.0,85416.6,3717.3,0.086957,0.222222,0.068966,0.173913,0.007463,0.111111,0.006993,0.0,0.0,0.0,0.008734,0.08,0.017544,0.0,0.018735,0.035714,12054.0,973.0,12880.0,826.0,RWE
426,2022,33046.6,830.7,37930.8,4884.2,0.1,1.0,0.066667,0.166667,0.013661,0.0,0.013514,0.0,0.010417,0.0,0.009288,0.0,0.107143,0.049505,0.107143,0.071429,12225.0,687.0,15759.0,3534.0,SAP
427,2023,23549.1,749.2,25081.1,1532.0,0.063291,0.666667,0.061728,0.0,0.0,0.0,0.0,0.0,0.021127,0.142857,0.024341,0.112676,0.045977,0.0,0.037383,0.0,9015.0,490.0,9837.0,822.0,SAP
428,2022,167685.55,6586.9,223290.1,55604.55,0.054054,1.0,0.046455,0.08,0.016362,0.0,0.030769,0.060606,0.011976,0.0,0.014035,0.026316,0.151579,0.090909,0.138996,0.149254,53606.0,4978.0,68299.0,14693.0,SIE
429,2023,65828.4,2676.0,82530.0,16701.6,0.02973,0.166667,0.025316,0.037037,0.003925,0.0,0.003373,0.006969,0.010471,0.0,0.006673,0.016949,0.052632,0.0,0.014035,0.040816,20607.0,1764.0,26265.0,5658.0,SIE
430,2022,55405.6,2161.5,58572.05,3166.45,1.0,0.0,0.5,0.032258,0.088889,0.0,0.088889,0.0,0.043103,0.0,0.039459,0.0,0.096774,0.0,0.096774,0.0,15457.0,1439.0,16460.0,1003.0,ENR
431,2023,18311.0,1093.0,19160.0,849.0,0.125,0.0625,0.125,0.076923,0.0,0.0,0.0,0.0,0.021277,0.0,0.021277,0.0,0.020067,0.0,0.019802,0.0,5262.0,525.0,5560.0,298.0,ENR
432,2022,18663.3,1118.0,20728.8,2065.5,0.222222,0.5,0.25,1.0,0.0,0.0,0.0,0.0,0.016227,0.222222,0.017505,0.057143,0.075,0.26087,0.073171,0.0,5657.0,694.0,6905.0,1248.0,SHL
433,2023,12349.0,739.5,13215.4,866.4,0.142857,0.2,0.125,1.0,0.0,0.0,0.0,0.0,0.117647,0.142857,0.096774,0.071429,0.076923,0.333333,0.07377,0.0625,3238.0,348.0,3543.0,305.0,SHL
434,2022,5493.75,633.0,6880.75,1387.0,0.076923,0.0,0.071429,0.052632,0.0,0.0,0.018692,0.032787,0.0,0.0,0.0,0.0,0.000892,0.0,0.000892,0.035714,1582.0,303.0,1847.0,265.0,SY1
435,2023,5724.0,453.5,6303.7,579.7,1.0,0.0,0.166667,0.083333,0.0,0.0,0.0,0.0,0.0,0.0,0.0,0.0,0.0,0.0,0.071429,0.071429,1915.0,258.0,2007.0,92.0,SY1
436,2022,14745.6,671.0,16161.3,1415.7,0.111111,0.0,0.111111,0.0,0.001721,0.0,0.001692,0.0,0.0,0.0,0.0,0.0,0.10084,0.0,0.210526,0.26087,4808.0,503.0,5869.0,1061.0,VNA
437,2023,15520.4,797.5,15997.4,477.0,0.00494,0.0,0.00494,0.0,0.000954,0.011236,0.000951,0.0,0.0,0.0,0.0,0.0,0.020202,0.066667,0.020202,0.0,3780.0,383.0,3974.0,194.0,VNA
438,2022,27818.75,1352.2,32672.45,4853.7,0.095238,0.0,0.133333,0.133333,0.0,0.0,0.045455,0.05,0.015414,1.0,0.014842,0.0,0.153846,0.0,0.153846,0.0,6705.0,685.0,7397.0,692.0,ZAL
439,2023,15615.7,1069.5,16548.7,933.0,0.013158,0.0,0.03125,0.032258,0.0,0.0,0.014706,0.032787,0.058824,0.035398,0.040816,0.033333,0.111111,0.0,0.111111,0.0,3526.0,541.0,3670.0,144.0,ZAL
