,Instrument,ESG Controversies Score Grade,ESG Controversies Score,Date
0,LAND.L,A+,100.0,2022-03-31T00:00:00Z
1,LAND.L,A+,100.0,2021-03-31T00:00:00Z
2,LAND.L,A+,100.0,2020-03-31T00:00:00Z
3,LAND.L,A+,100.0,2019-03-31T00:00:00Z
4,LAND.L,A+,100.0,2018-03-31T00:00:00Z
5,LAND.L,A+,100.0,2017-03-31T00:00:00Z
6,LAND.L,A+,100.0,2016-03-31T00:00:00Z
7,LAND.L,A+,100.0,2015-03-31T00:00:00Z
8,LAND.L,A+,100.0,2014-03-31T00:00:00Z
9,LAND.L,A+,100.0,2013-03-31T00:00:00Z
10,LAND.L,A+,100.0,2012-03-31T00:00:00Z
0,BLND.L,A+,100.0,2022-03-31T00:00:00Z
1,BLND.L,A+,100.0,2021-03-31T00:00:00Z
2,BLND.L,A+,100.0,2020-03-31T00:00:00Z
3,BLND.L,A+,100.0,2019-03-31T00:00:00Z
4,BLND.L,A+,100.0,2018-03-31T00:00:00Z
5,BLND.L,A+,100.0,2017-03-31T00:00:00Z
6,BLND.L,A+,100.0,2016-03-31T00:00:00Z
7,BLND.L,A+,100.0,2015-03-31T00:00:00Z
8,BLND.L,A+,100.0,2014-03-31T00:00:00Z
9,BLND.L,A+,100.0,2013-03-31T00:00:00Z
10,BLND.L,A+,100.0,2012-03-31T00:00:00Z
0,HRGV.L,C,36.4864864864864,2022-06-30T00:00:00Z
1,HRGV.L,A+,100.0,2021-06-30T00:00:00Z
2,HRGV.L,D+,16.6666666666666,2020-06-30T00:00:00Z
3,HRGV.L,B+,73.6111111111111,2019-06-30T00:00:00Z
4,HRGV.L,A+,100.0,2018-06-30T00:00:00Z
5,HRGV.L,A+,100.0,2017-06-30T00:00:00Z
6,HRGV.L,A+,100.0,2016-06-30T00:00:00Z
7,HRGV.L,A+,100.0,2015-06-30T00:00:00Z
8,HRGV.L,A+,100.0,2014-06-30T00:00:00Z
9,HRGV.L,A+,100.0,2013-06-30T00:00:00Z
10,HRGV.L,A+,100.0,2012-06-30T00:00:00Z
0,MNDI.L,A+,100.0,2022-12-31T00:00:00Z
1,MNDI.L,A+,100.0,2021-12-31T00:00:00Z
2,MNDI.L,A+,100.0,2020-12-31T00:00:00Z
3,MNDI.L,A+,100.0,2019-12-31T00:00:00Z
4,MNDI.L,A+,100.0,2018-12-31T00:00:00Z
5,MNDI.L,B+,66.6666666666666,2017-12-31T00:00:00Z
6,MNDI.L,A+,100.0,2016-12-31T00:00:00Z
7,MNDI.L,A+,100.0,2015-12-31T00:00:00Z
8,MNDI.L,A+,100.0,2014-12-31T00:00:00Z
9,MNDI.L,A+,100.0,2013-12-31T00:00:00Z
10,MNDI.L,A+,100.0,2012-12-31T00:00:00Z
0,KGF.L,A+,100.0,2022-01-31T00:00:00Z
1,KGF.L,A+,100.0,2021-01-31T00:00:00Z
2,KGF.L,A+,100.0,2020-01-31T00:00:00Z
3,KGF.L,A+,100.0,2019-01-31T00:00:00Z
4,KGF.L,A+,100.0,2018-01-31T00:00:00Z
5,KGF.L,A+,100.0,2017-01-31T00:00:00Z
6,KGF.L,A+,100.0,2016-01-31T00:00:00Z
7,KGF.L,A+,100.0,2015-01-31T00:00:00Z
8,KGF.L,A+,92.5925925925925,2014-02-01T00:00:00Z
9,KGF.L,A+,100.0,2013-02-02T00:00:00Z
10,KGF.L,A+,100.0,2012-01-28T00:00:00Z
0,BARC.L,D-,4.31034482758621,2022-12-31T00:00:00Z
1,BARC.L,D+,20.9219858156028,2021-12-31T00:00:00Z
2,BARC.L,D,10.2803738317757,2020-12-31T00:00:00Z
3,BARC.L,D-,3.36538461538461,2019-12-31T00:00:00Z
4,BARC.L,D,14.367816091954,2018-12-31T00:00:00Z
5,BARC.L,D-,5.40540540540541,2017-12-31T00:00:00Z
6,BARC.L,D-,3.33333333333333,2016-12-31T00:00:00Z
7,BARC.L,D-,3.26086956521739,2015-12-31T00:00:00Z
8,BARC.L,D-,4.66666666666666,2014-12-31T00:00:00Z
9,BARC.L,D,10.4938271604938,2013-12-31T00:00:00Z
10,BARC.L,D,11.0294117647058,2012-12-31T00:00:00Z
0,SKG.L,A+,100.0,2022-12-31T00:00:00Z
1,SKG.L,B,58.3333333333333,2021-12-31T00:00:00Z
2,SKG.L,A+,100.0,2020-12-31T00:00:00Z
3,SKG.L,A+,100.0,2019-12-31T00:00:00Z
4,SKG.L,A+,100.0,2018-12-31T00:00:00Z
5,SKG.L,A+,100.0,2017-12-31T00:00:00Z
6,SKG.L,A+,100.0,2016-12-31T00:00:00Z
7,SKG.L,A+,100.0,2015-12-31T00:00:00Z
8,SKG.L,A+,100.0,2014-12-31T00:00:00Z
9,SKG.L,B,58.3333333333333,2013-12-31T00:00:00Z
10,SKG.L,A+,100.0,2012-12-31T00:00:00Z
0,UTG.L,A+,100.0,2021-12-31T00:00:00Z
1,UTG.L,A+,100.0,2020-12-31T00:00:00Z
2,UTG.L,A+,100.0,2019-12-31T00:00:00Z
3,UTG.L,A+,100.0,2018-12-31T00:00:00Z
4,UTG.L,A+,100.0,2017-12-31T00:00:00Z
5,UTG.L,A+,100.0,2016-12-31T00:00:00Z
6,UTG.L,A+,100.0,2015-12-31T00:00:00Z
7,UTG.L,A+,100.0,2014-12-31T00:00:00Z
8,UTG.L,A+,100.0,2013-12-31T00:00:00Z
9,UTG.L,A+,100.0,2012-12-31T00:00:00Z
10,UTG.L,A+,100.0,2011-12-31T00:00:00Z
0,JMAT.L,A+,100.0,2022-03-31T00:00:00Z
1,JMAT.L,A+,100.0,2021-03-31T00:00:00Z
2,JMAT.L,A+,100.0,2020-03-31T00:00:00Z
3,JMAT.L,A+,100.0,2019-03-31T00:00:00Z
4,JMAT.L,A+,100.0,2018-03-31T00:00:00Z
5,JMAT.L,A+,100.0,2017-03-31T00:00:00Z
6,JMAT.L,B+,70.0,2016-03-31T00:00:00Z
7,JMAT.L,A+,100.0,2015-03-31T00:00:00Z
8,JMAT.L,A+,100.0,2014-03-31T00:00:00Z
9,JMAT.L,A+,100.0,2013-03-31T00:00:00Z
10,JMAT.L,A+,100.0,2012-03-31T00:00:00Z
0,VOD.L,B+,74.4444444444444,2022-03-31T00:00:00Z
1,VOD.L,C-,32.3529411764705,2021-03-31T00:00:00Z
2,VOD.L,D,9.25925925925925,2020-03-31T00:00:00Z
3,VOD.L,D,10.7142857142857,2019-03-31T00:00:00Z
4,VOD.L,D,15.1162790697674,2018-03-31T00:00:00Z
5,VOD.L,D-,4.05405405405405,2017-03-31T00:00:00Z
6,VOD.L,D-,7.14285714285714,2016-03-31T00:00:00Z
7,VOD.L,D-,2.08333333333333,2015-03-31T00:00:00Z
8,VOD.L,D-,1.28205128205128,2014-03-31T00:00:00Z
9,VOD.L,D-,1.08695652173913,2013-03-31T00:00:00Z
10,VOD.L,D-,1.21951219512195,2012-03-31T00:00:00Z
0,STAN.L,A+,100.0,2022-12-31T00:00:00Z
1,STAN.L,D,12.7659574468085,2021-12-31T00:00:00Z
2,STAN.L,D+,16.822429906542,2020-12-31T00:00:00Z
3,STAN.L,C-,29.3269230769231,2019-12-31T00:00:00Z
4,STAN.L,C-,29.8850574712643,2018-12-31T00:00:00Z
5,STAN.L,D+,16.8918918918918,2017-12-31T00:00:00Z
6,STAN.L,D+,16.6666666666666,2016-12-31T00:00:00Z
7,STAN.L,A,84.7826086956521,2015-12-31T00:00:00Z
8,STAN.L,A,86.6666666666666,2014-12-31T00:00:00Z
9,STAN.L,C,35.8024691358024,2013-12-31T00:00:00Z
10,STAN.L,C-,30.1470588235294,2012-12-31T00:00:00Z
0,BATS.L,B+,72.7272727272727,2022-12-31T00:00:00Z
1,BATS.L,D,11.1111111111111,2021-12-31T00:00:00Z
2,BATS.L,D+,18.3673469387755,2020-12-31T00:00:00Z
3,BATS.L,D+,21.4285714285714,2019-12-31T00:00:00Z
4,BATS.L,A+,100.0,2018-12-31T00:00:00Z
5,BATS.L,C+,44.6428571428571,2017-12-31T00:00:00Z
6,BATS.L,A,88.8888888888888,2016-12-31T00:00:00Z
7,BATS.L,B+,73.6842105263157,2015-12-31T00:00:00Z
8,BATS.L,A,89.3939393939393,2014-12-31T00:00:00Z
9,BATS.L,A+,100.0,2013-12-31T00:00:00Z
10,BATS.L,A-,78.5714285714285,2012-12-31T00:00:00Z
0,OCDO.L,A+,100.0,2022-11-27T00:00:00Z
1,OCDO.L,D+,25.0,2021-11-28T00:00:00Z
2,OCDO.L,D+,22.5,2020-11-29T00:00:00Z
3,OCDO.L,A+,92.1052631578947,2019-12-01T00:00:00Z
4,OCDO.L,A+,100.0,2018-12-02T00:00:00Z
5,OCDO.L,A+,100.0,2017-12-03T00:00:00Z
6,OCDO.L,A+,100.0,2016-11-27T00:00:00Z
7,OCDO.L,A+,100.0,2015-11-29T00:00:00Z
8,OCDO.L,A,87.5,2014-11-30T00:00:00Z
9,OCDO.L,A+,100.0,2013-12-01T00:00:00Z
10,OCDO.L,A+,100.0,2012-12-02T00:00:00Z
0,WTB.L,A+,100.0,2021-02-25T00:00:00Z
1,WTB.L,A+,100.0,2020-02-27T00:00:00Z
2,WTB.L,A+,100.0,2019-02-28T00:00:00Z
3,WTB.L,A+,100.0,2018-03-01T00:00:00Z
4,WTB.L,A+,100.0,2017-03-02T00:00:00Z
5,WTB.L,A+,100.0,2016-03-03T00:00:00Z
6,WTB.L,A+,100.0,2015-02-26T00:00:00Z
7,WTB.L,A+,100.0,2014-02-27T00:00:00Z
8,WTB.L,A+,100.0,2013-02-28T00:00:00Z
9,WTB.L,A+,100.0,2012-03-01T00:00:00Z
10,WTB.L,A+,100.0,2011-03-03T00:00:00Z
0,AV.L,B+,69.8113207547169,2020-12-31T00:00:00Z
1,AV.L,A,86.1111111111111,2019-12-31T00:00:00Z
2,AV.L,A,86.1111111111111,2018-12-31T00:00:00Z
3,AV.L,A+,100.0,2017-12-31T00:00:00Z
4,AV.L,C+,46.4285714285714,2016-12-31T00:00:00Z
5,AV.L,A+,100.0,2015-12-31T00:00:00Z
6,AV.L,B+,75.0,2014-12-31T00:00:00Z
7,AV.L,B-,56.25,2013-12-31T00:00:00Z
8,AV.L,C,34.0909090909091,2012-12-31T00:00:00Z
9,AV.L,C,33.9285714285714,2011-12-31T00:00:00Z
10,AV.L,C+,41.9354838709677,2010-12-31T00:00:00Z
0,SMT.L,A+,100.0,2022-03-31T00:00:00Z
1,SMT.L,A+,100.0,2021-03-31T00:00:00Z
2,SMT.L,A+,100.0,2020-03-31T00:00:00Z
3,SMT.L,A+,100.0,2019-03-31T00:00:00Z
4,SMT.L,A+,100.0,2018-03-31T00:00:00Z
5,SMT.L,A+,100.0,2017-03-31T00:00:00Z
6,SMT.L,A+,100.0,2016-03-31T00:00:00Z
7,SMT.L,A+,100.0,2015-03-31T00:00:00Z
0,AAF.L,A+,100.0,2022-03-31T00:00:00Z
1,AAF.L,A+,100.0,2021-03-31T00:00:00Z
2,AAF.L,A+,100.0,2020-03-31T00:00:00Z
0,IMB.L,B+,71.4285714285714,2021-09-30T00:00:00Z
1,IMB.L,B+,68.3673469387755,2020-09-30T00:00:00Z
2,IMB.L,A+,100.0,2019-09-30T00:00:00Z
3,IMB.L,A+,100.0,2018-09-30T00:00:00Z
4,IMB.L,A-,82.1428571428571,2017-09-30T00:00:00Z
5,IMB.L,A+,100.0,2016-09-30T00:00:00Z
6,IMB.L,A+,100.0,2015-09-30T00:00:00Z
7,IMB.L,A+,100.0,2014-09-30T00:00:00Z
8,IMB.L,A,89.3939393939393,2013-09-30T00:00:00Z
9,IMB.L,A+,100.0,2012-09-30T00:00:00Z
10,IMB.L,A+,100.0,2011-09-30T00:00:00Z
0,ITRK.L,A+,100.0,2022-12-31T00:00:00Z
1,ITRK.L,D+,21.4285714285714,2021-12-31T00:00:00Z
2,ITRK.L,A+,100.0,2020-12-31T00:00:00Z
3,ITRK.L,A+,100.0,2019-12-31T00:00:00Z
4,ITRK.L,B-,54.5454545454545,2018-12-31T00:00:00Z
5,ITRK.L,A+,100.0,2017-12-31T00:00:00Z
6,ITRK.L,A+,100.0,2016-12-31T00:00:00Z
7,ITRK.L,A+,100.0,2015-12-31T00:00:00Z
8,ITRK.L,A+,100.0,2014-12-31T00:00:00Z
9,ITRK.L,A+,100.0,2013-12-31T00:00:00Z
10,ITRK.L,A+,100.0,2012-12-31T00:00:00Z
0,NWG.L,D,15.9574468085106,2021-12-31T00:00:00Z
1,NWG.L,D,12.1495327102803,2020-12-31T00:00:00Z
2,NWG.L,D-,8.17307692307692,2019-12-31T00:00:00Z
3,NWG.L,D,9.77011494252873,2018-12-31T00:00:00Z
4,NWG.L,D-,5.40540540540541,2017-12-31T00:00:00Z
5,NWG.L,D,11.3333333333333,2016-12-31T00:00:00Z
6,NWG.L,D,15.2173913043478,2015-12-31T00:00:00Z
7,NWG.L,D-,7.33333333333333,2014-12-31T00:00:00Z
8,NWG.L,D-,5.55555555555555,2013-12-31T00:00:00Z
9,NWG.L,D-,6.61764705882353,2012-12-31T00:00:00Z
10,NWG.L,D,9.85915492957746,2011-12-31T00:00:00Z
0,LLOY.L,A+,100.0,2022-12-31T00:00:00Z
1,LLOY.L,D,15.9574468085106,2021-12-31T00:00:00Z
2,LLOY.L,C+,46.7289719626168,2020-12-31T00:00:00Z
3,LLOY.L,D+,17.7884615384615,2019-12-31T00:00:00Z
4,LLOY.L,D,16.0919540229885,2018-12-31T00:00:00Z
5,LLOY.L,D+,16.8918918918918,2017-12-31T00:00:00Z
6,LLOY.L,A,83.3333333333333,2016-12-31T00:00:00Z
7,LLOY.L,A+,100.0,2015-12-31T00:00:00Z
8,LLOY.L,D+,20.0,2014-12-31T00:00:00Z
9,LLOY.L,D,11.7283950617283,2013-12-31T00:00:00Z
10,LLOY.L,B-,51.4705882352941,2012-12-31T00:00:00Z
0,SSE.L,A+,100.0,2022-03-31T00:00:00Z
1,SSE.L,A+,100.0,2021-03-31T00:00:00Z
2,SSE.L,B-,54.5454545454545,2020-03-31T00:00:00Z
3,SSE.L,D+,18.75,2019-03-31T00:00:00Z
4,SSE.L,B+,72.5,2018-03-31T00:00:00Z
5,SSE.L,C+,41.6666666666666,2017-03-31T00:00:00Z
6,SSE.L,B+,68.4210526315789,2016-03-31T00:00:00Z
7,SSE.L,C+,50.0,2015-03-31T00:00:00Z
8,SSE.L,D,11.9047619047619,2014-03-31T00:00:00Z
9,SSE.L,A,85.4166666666666,2013-03-31T00:00:00Z
10,SSE.L,A+,100.0,2012-03-31T00:00:00Z
0,NG.L,A+,100.0,2022-03-31T00:00:00Z
1,NG.L,A+,100.0,2021-03-31T00:00:00Z
2,NG.L,B+,66.6666666666666,2020-03-31T00:00:00Z
3,NG.L,A-,81.8181818181818,2019-03-31T00:00:00Z
4,NG.L,A+,100.0,2018-03-31T00:00:00Z
5,NG.L,A+,100.0,2017-03-31T00:00:00Z
6,NG.L,A+,100.0,2016-03-31T00:00:00Z
7,NG.L,A+,100.0,2015-03-31T00:00:00Z
8,NG.L,C+,45.0,2014-03-31T00:00:00Z
9,NG.L,C,35.0,2013-03-31T00:00:00Z
10,NG.L,A+,100.0,2012-03-31T00:00:00Z
0,SGRO.L,A+,100.0,2022-12-31T00:00:00Z
1,SGRO.L,A+,100.0,2021-12-31T00:00:00Z
2,SGRO.L,A+,100.0,2020-12-31T00:00:00Z
3,SGRO.L,A+,100.0,2019-12-31T00:00:00Z
4,SGRO.L,A+,100.0,2018-12-31T00:00:00Z
5,SGRO.L,A+,100.0,2017-12-31T00:00:00Z
6,SGRO.L,A+,100.0,2016-12-31T00:00:00Z
7,SGRO.L,A+,100.0,2015-12-31T00:00:00Z
8,SGRO.L,A+,100.0,2014-12-31T00:00:00Z
9,SGRO.L,A+,100.0,2013-12-31T00:00:00Z
10,SGRO.L,A+,100.0,2012-12-31T00:00:00Z
0,LGEN.L,B+,67.7777777777777,2021-12-31T00:00:00Z
1,LGEN.L,A+,100.0,2020-12-31T00:00:00Z
2,LGEN.L,A+,100.0,2019-12-31T00:00:00Z
3,LGEN.L,A-,81.6666666666666,2018-12-31T00:00:00Z
4,LGEN.L,A+,100.0,2017-12-31T00:00:00Z
5,LGEN.L,A+,100.0,2016-12-31T00:00:00Z
6,LGEN.L,A+,100.0,2015-12-31T00:00:00Z
7,LGEN.L,A+,100.0,2014-12-31T00:00:00Z
8,LGEN.L,A+,100.0,2013-12-31T00:00:00Z
9,LGEN.L,A+,100.0,2012-12-31T00:00:00Z
10,LGEN.L,A+,100.0,2011-12-31T00:00:00Z
0,PHNX.L,A+,100.0,2022-12-31T00:00:00Z
1,PHNX.L,A+,100.0,2021-12-31T00:00:00Z
2,PHNX.L,A+,100.0,2020-12-31T00:00:00Z
3,PHNX.L,D,15.2777777777777,2019-12-31T00:00:00Z
4,PHNX.L,A+,100.0,2018-12-31T00:00:00Z
5,PHNX.L,A+,100.0,2017-12-31T00:00:00Z
6,PHNX.L,D,10.7142857142857,2016-12-31T00:00:00Z
7,PHNX.L,A+,100.0,2015-12-31T00:00:00Z
8,PHNX.L,A+,100.0,2014-12-31T00:00:00Z
0,BEZG.L,A+,100.0,2021-12-31T00:00:00Z
1,BEZG.L,A+,100.0,2020-12-31T00:00:00Z
2,BEZG.L,A+,100.0,2019-12-31T00:00:00Z
3,BEZG.L,A+,100.0,2018-12-31T00:00:00Z
4,BEZG.L,A+,100.0,2017-12-31T00:00:00Z
5,BEZG.L,A+,100.0,2016-12-31T00:00:00Z
6,BEZG.L,A+,100.0,2015-12-31T00:00:00Z
7,BEZG.L,A+,100.0,2014-12-31T00:00:00Z
8,BEZG.L,A+,100.0,2013-12-31T00:00:00Z
9,BEZG.L,A+,100.0,2012-12-31T00:00:00Z
10,BEZG.L,A+,100.0,2011-12-31T00:00:00Z
0,AZN.L,A+,100.0,2022-12-31T00:00:00Z
1,AZN.L,D-,0.632911392405063,2021-12-31T00:00:00Z
2,AZN.L,A+,99.1803278688524,2020-12-31T00:00:00Z
3,AZN.L,A,86.8421052631579,2019-12-31T00:00:00Z
4,AZN.L,A,88.6363636363636,2018-12-31T00:00:00Z
5,AZN.L,A+,95.6521739130434,2017-12-31T00:00:00Z
6,AZN.L,A+,93.75,2016-12-31T00:00:00Z
7,AZN.L,B+,71.0526315789473,2015-12-31T00:00:00Z
8,AZN.L,B+,70.0,2014-12-31T00:00:00Z
9,AZN.L,A-,75.6756756756756,2013-12-31T00:00:00Z
10,AZN.L,C-,27.5862068965517,2012-12-31T00:00:00Z
0,PSH.AS,A+,100.0,2021-12-31T00:00:00Z
1,PSH.AS,A+,100.0,2020-12-31T00:00:00Z
2,PSH.AS,A+,100.0,2019-12-31T00:00:00Z
3,PSH.AS,A+,100.0,2018-12-31T00:00:00Z
4,PSH.AS,A+,100.0,2017-12-31T00:00:00Z
5,PSH.AS,A+,100.0,2016-12-31T00:00:00Z
0,GSK.L,D+,23.4177215189873,2021-12-31T00:00:00Z
1,GSK.L,D+,20.4918032786885,2020-12-31T00:00:00Z
2,GSK.L,C-,28.9473684210526,2019-12-31T00:00:00Z
3,GSK.L,A,88.6363636363636,2018-12-31T00:00:00Z
4,GSK.L,A,86.9565217391304,2017-12-31T00:00:00Z
5,GSK.L,C,39.5833333333333,2016-12-31T00:00:00Z
6,GSK.L,B+,71.0526315789473,2015-12-31T00:00:00Z
7,GSK.L,D,10.0,2014-12-31T00:00:00Z
8,GSK.L,D-,8.10810810810811,2013-12-31T00:00:00Z
9,GSK.L,D-,6.89655172413793,2012-12-31T00:00:00Z
10,GSK.L,D-,4.6875,2011-12-31T00:00:00Z
0,PSON.L,A+,100.0,2021-12-31T00:00:00Z
1,PSON.L,A+,100.0,2020-12-31T00:00:00Z
2,PSON.L,B+,74.0740740740741,2019-12-31T00:00:00Z
3,PSON.L,A-,76.4705882352941,2018-12-31T00:00:00Z
4,PSON.L,A+,100.0,2017-12-31T00:00:00Z
5,PSON.L,A+,100.0,2016-12-31T00:00:00Z
6,PSON.L,A+,100.0,2015-12-31T00:00:00Z
7,PSON.L,A,89.1304347826086,2014-12-31T00:00:00Z
8,PSON.L,A,86.1111111111111,2013-12-31T00:00:00Z
9,PSON.L,C,36.9565217391304,2012-12-31T00:00:00Z
10,PSON.L,A+,100.0,2011-12-31T00:00:00Z
0,BT.L,B+,74.4444444444444,2022-03-31T00:00:00Z
1,BT.L,C+,50.0,2021-03-31T00:00:00Z
2,BT.L,C,33.3333333333333,2020-03-31T00:00:00Z
3,BT.L,B,64.2857142857142,2019-03-31T00:00:00Z
4,BT.L,C-,30.2325581395348,2018-03-31T00:00:00Z
5,BT.L,C-,25.6756756756756,2017-03-31T00:00:00Z
6,BT.L,C+,47.1428571428571,2016-03-31T00:00:00Z
7,BT.L,B+,75.0,2015-03-31T00:00:00Z
8,BT.L,D+,17.9487179487179,2014-03-31T00:00:00Z
9,BT.L,D,13.0434782608695,2013-03-31T00:00:00Z
10,BT.L,B-,52.4390243902439,2012-03-31T00:00:00Z
0,SHEL.L,D-,0.657894736842105,2021-12-31T00:00:00Z
1,SHEL.L,D-,4.54545454545454,2020-12-31T00:00:00Z
2,SHEL.L,D-,2.83018867924528,2019-12-31T00:00:00Z
3,SHEL.L,D-,1.06382978723404,2018-12-31T00:00:00Z
4,SHEL.L,D+,19.6969696969696,2017-12-31T00:00:00Z
5,SHEL.L,D-,2.88461538461538,2016-12-31T00:00:00Z
6,SHEL.L,D-,1.92307692307692,2015-12-31T00:00:00Z
7,SHEL.L,D-,5.55555555555555,2014-12-31T00:00:00Z
8,SHEL.L,D-,3.75,2013-12-31T00:00:00Z
9,SHEL.L,D-,6.57894736842105,2012-12-31T00:00:00Z
10,SHEL.L,D-,2.94117647058823,2011-12-31T00:00:00Z
0,DGE.L,C+,46.6666666666666,2022-06-30T00:00:00Z
1,DGE.L,A+,100.0,2021-06-30T00:00:00Z
2,DGE.L,D-,7.5,2020-06-30T00:00:00Z
3,DGE.L,D-,7.5,2019-06-30T00:00:00Z
4,DGE.L,A+,100.0,2018-06-30T00:00:00Z
5,DGE.L,B+,70.0,2017-06-30T00:00:00Z
6,DGE.L,A+,100.0,2016-06-30T00:00:00Z
7,DGE.L,C+,42.8571428571428,2015-06-30T00:00:00Z
8,DGE.L,A+,94.4444444444444,2014-06-30T00:00:00Z
9,DGE.L,A,86.3636363636363,2013-06-30T00:00:00Z
10,DGE.L,A,87.5,2012-06-30T00:00:00Z
0,III.L,A+,100.0,2021-03-31T00:00:00Z
1,III.L,A+,100.0,2020-03-31T00:00:00Z
2,III.L,A+,100.0,2019-03-31T00:00:00Z
3,III.L,A+,100.0,2018-03-31T00:00:00Z
4,III.L,B-,54.7619047619047,2017-03-31T00:00:00Z
5,III.L,A+,100.0,2016-03-31T00:00:00Z
6,III.L,A+,100.0,2015-03-31T00:00:00Z
7,III.L,B-,53.3333333333333,2014-03-31T00:00:00Z
8,III.L,A+,100.0,2013-03-31T00:00:00Z
9,III.L,A+,100.0,2012-03-31T00:00:00Z
10,III.L,A+,100.0,2011-03-31T00:00:00Z
0,ENT.L,C+,43.859649122807,2021-12-31T00:00:00Z
1,ENT.L,C,37.9629629629629,2020-12-31T00:00:00Z
2,ENT.L,C,34.375,2019-12-31T00:00:00Z
3,ENT.L,A+,100.0,2018-12-31T00:00:00Z
4,ENT.L,A+,100.0,2017-12-31T00:00:00Z
5,ENT.L,A+,100.0,2016-12-31T00:00:00Z
6,ENT.L,A+,100.0,2015-12-31T00:00:00Z
0,PRU.L,B+,67.2413793103448,2021-12-31T00:00:00Z
1,PRU.L,A+,100.0,2020-12-31T00:00:00Z
2,PRU.L,C,38.8888888888888,2019-12-31T00:00:00Z
3,PRU.L,A,86.1111111111111,2018-12-31T00:00:00Z
4,PRU.L,B+,66.6666666666666,2017-12-31T00:00:00Z
5,PRU.L,A-,78.5714285714285,2016-12-31T00:00:00Z
6,PRU.L,A+,100.0,2015-12-31T00:00:00Z
7,PRU.L,A+,100.0,2014-12-31T00:00:00Z
8,PRU.L,D,15.625,2013-12-31T00:00:00Z
9,PRU.L,B+,75.0,2012-12-31T00:00:00Z
10,PRU.L,A,85.7142857142857,2011-12-31T00:00:00Z
0,SMDS.L,B-,57.1428571428571,2022-04-30T00:00:00Z
1,SMDS.L,A+,100.0,2021-04-30T00:00:00Z
2,SMDS.L,D+,16.6666666666666,2020-04-30T00:00:00Z
3,SMDS.L,C-,30.0,2019-04-30T00:00:00Z
4,SMDS.L,A+,100.0,2018-04-30T00:00:00Z
5,SMDS.L,A+,100.0,2017-04-30T00:00:00Z
6,SMDS.L,A+,100.0,2016-04-30T00:00:00Z
7,SMDS.L,A+,100.0,2015-04-30T00:00:00Z
8,SMDS.L,B,58.3333333333333,2014-04-30T00:00:00Z
9,SMDS.L,A+,100.0,2013-04-30T00:00:00Z
10,SMDS.L,C,33.3333333333333,2012-04-30T00:00:00Z
0,ABDN.L,A+,100.0,2022-12-31T00:00:00Z
1,ABDN.L,A+,100.0,2021-12-31T00:00:00Z
2,ABDN.L,A+,100.0,2020-12-31T00:00:00Z
3,ABDN.L,B+,73.6111111111111,2019-12-31T00:00:00Z
4,ABDN.L,A+,100.0,2018-12-31T00:00:00Z
5,ABDN.L,A+,100.0,2017-12-31T00:00:00Z
6,ABDN.L,A+,100.0,2016-12-31T00:00:00Z
7,ABDN.L,A+,100.0,2015-12-31T00:00:00Z
8,ABDN.L,A+,100.0,2014-12-31T00:00:00Z
9,ABDN.L,A+,100.0,2013-12-31T00:00:00Z
10,ABDN.L,A+,100.0,2012-12-31T00:00:00Z
0,SJP.L,A+,100.0,2021-12-31T00:00:00Z
1,SJP.L,A+,100.0,2020-12-31T00:00:00Z
2,SJP.L,A+,100.0,2019-12-31T00:00:00Z
3,SJP.L,A+,100.0,2018-12-31T00:00:00Z
4,SJP.L,A+,100.0,2017-12-31T00:00:00Z
5,SJP.L,A+,100.0,2016-12-31T00:00:00Z
6,SJP.L,A+,100.0,2015-12-31T00:00:00Z
7,SJP.L,A+,100.0,2014-12-31T00:00:00Z
8,SJP.L,A+,100.0,2013-12-31T00:00:00Z
9,SJP.L,A+,100.0,2012-12-31T00:00:00Z
10,SJP.L,A+,100.0,2011-12-31T00:00:00Z
0,UU.L,B+,70.0,2021-03-31T00:00:00Z
1,UU.L,A+,100.0,2020-03-31T00:00:00Z
2,UU.L,A+,100.0,2019-03-31T00:00:00Z
3,UU.L,C+,50.0,2018-03-31T00:00:00Z
4,UU.L,C+,50.0,2017-03-31T00:00:00Z
5,UU.L,A+,100.0,2016-03-31T00:00:00Z
6,UU.L,A+,100.0,2015-03-31T00:00:00Z
7,UU.L,A+,100.0,2014-03-31T00:00:00Z
8,UU.L,A+,100.0,2013-03-31T00:00:00Z
9,UU.L,A+,100.0,2012-03-31T00:00:00Z
10,UU.L,A+,100.0,2011-03-31T00:00:00Z
0,BP.L,D-,3.28947368421052,2021-12-31T00:00:00Z
1,BP.L,D-,6.36363636363636,2020-12-31T00:00:00Z
2,BP.L,C,34.9056603773584,2019-12-31T00:00:00Z
3,BP.L,D+,21.2765957446808,2018-12-31T00:00:00Z
4,BP.L,A,89.3939393939393,2017-12-31T00:00:00Z
5,BP.L,D,8.65384615384615,2016-12-31T00:00:00Z
6,BP.L,D,11.5384615384615,2015-12-31T00:00:00Z
7,BP.L,D,11.1111111111111,2014-12-31T00:00:00Z
8,BP.L,D,10.0,2013-12-31T00:00:00Z
9,BP.L,D-,3.94736842105263,2012-12-31T00:00:00Z
10,BP.L,D-,0.980392156862745,2011-12-31T00:00:00Z
0,SMDS.L,B-,57.1428571428571,2022-04-30T00:00:00Z
1,SMDS.L,A+,100.0,2021-04-30T00:00:00Z
2,SMDS.L,D+,16.6666666666666,2020-04-30T00:00:00Z
3,SMDS.L,C-,30.0,2019-04-30T00:00:00Z
4,SMDS.L,A+,100.0,2018-04-30T00:00:00Z
5,SMDS.L,A+,100.0,2017-04-30T00:00:00Z
6,SMDS.L,A+,100.0,2016-04-30T00:00:00Z
7,SMDS.L,A+,100.0,2015-04-30T00:00:00Z
8,SMDS.L,B,58.3333333333333,2014-04-30T00:00:00Z
9,SMDS.L,A+,100.0,2013-04-30T00:00:00Z
10,SMDS.L,C,33.3333333333333,2012-04-30T00:00:00Z
0,ABDN.L,A+,100.0,2022-12-31T00:00:00Z
1,ABDN.L,A+,100.0,2021-12-31T00:00:00Z
2,ABDN.L,A+,100.0,2020-12-31T00:00:00Z
3,ABDN.L,B+,73.6111111111111,2019-12-31T00:00:00Z
4,ABDN.L,A+,100.0,2018-12-31T00:00:00Z
5,ABDN.L,A+,100.0,2017-12-31T00:00:00Z
6,ABDN.L,A+,100.0,2016-12-31T00:00:00Z
7,ABDN.L,A+,100.0,2015-12-31T00:00:00Z
8,ABDN.L,A+,100.0,2014-12-31T00:00:00Z
9,ABDN.L,A+,100.0,2013-12-31T00:00:00Z
10,ABDN.L,A+,100.0,2012-12-31T00:00:00Z
0,SDR.L,B+,67.7777777777777,2021-12-31T00:00:00Z
1,SDR.L,A+,97.4358974358974,2020-12-31T00:00:00Z
2,SDR.L,A+,100.0,2019-12-31T00:00:00Z
3,SDR.L,A+,100.0,2018-12-31T00:00:00Z
4,SDR.L,A+,100.0,2017-12-31T00:00:00Z
5,SDR.L,B,64.5833333333333,2016-12-31T00:00:00Z
6,SDR.L,A+,100.0,2015-12-31T00:00:00Z
7,SDR.L,A+,100.0,2014-12-31T00:00:00Z
8,SDR.L,A+,100.0,2013-12-31T00:00:00Z
9,SDR.L,A+,100.0,2012-12-31T00:00:00Z
10,SDR.L,A+,100.0,2011-12-31T00:00:00Z
0,CCH.L,A+,100.0,2021-12-31T00:00:00Z
1,CCH.L,A+,100.0,2020-12-31T00:00:00Z
2,CCH.L,A+,100.0,2019-12-31T00:00:00Z
3,CCH.L,A+,100.0,2018-12-31T00:00:00Z
4,CCH.L,A+,100.0,2017-12-31T00:00:00Z
5,CCH.L,A+,100.0,2016-12-31T00:00:00Z
6,CCH.L,A+,100.0,2015-12-31T00:00:00Z
7,CCH.L,A+,100.0,2014-12-31T00:00:00Z
8,CCH.L,A+,100.0,2013-12-31T00:00:00Z
0,SVT.L,A+,100.0,2022-03-31T00:00:00Z
1,SVT.L,B+,70.0,2021-03-31T00:00:00Z
2,SVT.L,A+,100.0,2020-03-31T00:00:00Z
3,SVT.L,A+,100.0,2019-03-31T00:00:00Z
4,SVT.L,A+,100.0,2018-03-31T00:00:00Z
5,SVT.L,A+,100.0,2017-03-31T00:00:00Z
6,SVT.L,A+,100.0,2016-03-31T00:00:00Z
7,SVT.L,A+,100.0,2015-03-31T00:00:00Z
8,SVT.L,C+,50.0,2014-03-31T00:00:00Z
9,SVT.L,A+,100.0,2013-03-31T00:00:00Z
10,SVT.L,A+,100.0,2012-03-31T00:00:00Z
0,PSN.L,C,33.3333333333333,2021-12-31T00:00:00Z
1,PSN.L,A+,100.0,2020-12-31T00:00:00Z
2,PSN.L,A+,100.0,2019-12-31T00:00:00Z
3,PSN.L,B,62.5,2018-12-31T00:00:00Z
4,PSN.L,A+,100.0,2017-12-31T00:00:00Z
5,PSN.L,A+,100.0,2016-12-31T00:00:00Z
6,PSN.L,A+,100.0,2015-12-31T00:00:00Z
7,PSN.L,C+,50.0,2014-12-31T00:00:00Z
8,PSN.L,A+,100.0,2013-12-31T00:00:00Z
9,PSN.L,A+,100.0,2012-12-31T00:00:00Z
10,PSN.L,A+,100.0,2011-12-31T00:00:00Z
0,REL.L,A+,100.0,2022-12-31T00:00:00Z
1,REL.L,A+,100.0,2021-12-31T00:00:00Z
2,REL.L,A+,100.0,2020-12-31T00:00:00Z
3,REL.L,A+,100.0,2019-12-31T00:00:00Z
4,REL.L,A+,100.0,2018-12-31T00:00:00Z
5,REL.L,A+,100.0,2017-12-31T00:00:00Z
6,REL.L,A+,100.0,2016-12-31T00:00:00Z
7,REL.L,A+,100.0,2015-12-31T00:00:00Z
8,REL.L,A+,100.0,2014-12-31T00:00:00Z
9,REL.L,A,86.1111111111111,2013-12-31T00:00:00Z
10,REL.L,A+,100.0,2012-12-31T00:00:00Z
0,MNG.L,B+,67.7777777777777,2021-12-31T00:00:00Z
1,MNG.L,A+,100.0,2020-12-31T00:00:00Z
2,MNG.L,A+,100.0,2019-12-31T00:00:00Z
0,SGE.L,A+,100.0,2022-09-30T00:00:00Z
1,SGE.L,A+,100.0,2021-09-30T00:00:00Z
2,SGE.L,A+,100.0,2020-09-30T00:00:00Z
3,SGE.L,A+,100.0,2019-09-30T00:00:00Z
4,SGE.L,A+,100.0,2018-09-30T00:00:00Z
5,SGE.L,A+,100.0,2017-09-30T00:00:00Z
6,SGE.L,A-,79.0322580645161,2016-09-30T00:00:00Z
7,SGE.L,A+,100.0,2015-09-30T00:00:00Z
8,SGE.L,A+,100.0,2014-09-30T00:00:00Z
9,SGE.L,A+,100.0,2013-09-30T00:00:00Z
10,SGE.L,A+,100.0,2012-09-30T00:00:00Z
0,FCIT.L,A+,100.0,2022-12-31T00:00:00Z
1,FCIT.L,A+,100.0,2021-12-31T00:00:00Z
2,FCIT.L,A+,100.0,2020-12-31T00:00:00Z
3,FCIT.L,A+,100.0,2019-12-31T00:00:00Z
4,FCIT.L,A+,100.0,2018-12-31T00:00:00Z
5,FCIT.L,A+,100.0,2017-12-31T00:00:00Z
6,FCIT.L,A+,100.0,2016-12-31T00:00:00Z
7,FCIT.L,A+,100.0,2015-12-31T00:00:00Z
0,BKGH.L,A+,100.0,2022-04-30T00:00:00Z
1,BKGH.L,A+,100.0,2021-04-30T00:00:00Z
2,BKGH.L,A+,100.0,2020-04-30T00:00:00Z
3,BKGH.L,A+,100.0,2019-04-30T00:00:00Z
4,BKGH.L,A+,100.0,2018-04-30T00:00:00Z
5,BKGH.L,A+,100.0,2017-04-30T00:00:00Z
6,BKGH.L,A+,100.0,2016-04-30T00:00:00Z
7,BKGH.L,A+,100.0,2015-04-30T00:00:00Z
8,BKGH.L,A+,100.0,2014-04-30T00:00:00Z
9,BKGH.L,A+,100.0,2013-04-30T00:00:00Z
10,BKGH.L,A+,100.0,2012-04-30T00:00:00Z
0,INF.L,A+,100.0,2021-12-31T00:00:00Z
1,INF.L,B+,67.0212765957446,2020-12-31T00:00:00Z
2,INF.L,A+,93.0555555555555,2019-12-31T00:00:00Z
3,INF.L,A+,100.0,2018-12-31T00:00:00Z
4,INF.L,A+,100.0,2017-12-31T00:00:00Z
5,INF.L,B+,67.3913043478261,2016-12-31T00:00:00Z
6,INF.L,A+,100.0,2015-12-31T00:00:00Z
7,INF.L,A+,100.0,2014-12-31T00:00:00Z
8,INF.L,A+,100.0,2013-12-31T00:00:00Z
9,INF.L,A+,100.0,2012-12-31T00:00:00Z
10,INF.L,A+,100.0,2011-12-31T00:00:00Z
0,ICAG.L,D+,20.1923076923076,2021-12-31T00:00:00Z
1,ICAG.L,C+,46.9696969696969,2020-12-31T00:00:00Z
2,ICAG.L,C,35.1851851851851,2019-12-31T00:00:00Z
3,ICAG.L,C,38.0952380952381,2018-12-31T00:00:00Z
4,ICAG.L,B-,54.7619047619047,2017-12-31T00:00:00Z
5,ICAG.L,A,88.8888888888888,2016-12-31T00:00:00Z
6,ICAG.L,A-,82.5,2015-12-31T00:00:00Z
7,ICAG.L,C-,29.5454545454545,2014-12-31T00:00:00Z
8,ICAG.L,C+,43.4782608695652,2013-12-31T00:00:00Z
9,ICAG.L,D-,6.52173913043478,2012-12-31T00:00:00Z
10,ICAG.L,C,38.0,2011-12-31T00:00:00Z
0,PRU.L,B+,67.2413793103448,2021-12-31T00:00:00Z
1,PRU.L,A+,100.0,2020-12-31T00:00:00Z
2,PRU.L,C,38.8888888888888,2019-12-31T00:00:00Z
3,PRU.L,A,86.1111111111111,2018-12-31T00:00:00Z
4,PRU.L,B+,66.6666666666666,2017-12-31T00:00:00Z
5,PRU.L,A-,78.5714285714285,2016-12-31T00:00:00Z
6,PRU.L,A+,100.0,2015-12-31T00:00:00Z
7,PRU.L,A+,100.0,2014-12-31T00:00:00Z
8,PRU.L,D,15.625,2013-12-31T00:00:00Z
9,PRU.L,B+,75.0,2012-12-31T00:00:00Z
10,PRU.L,A,85.7142857142857,2011-12-31T00:00:00Z
0,CPG.L,A-,77.1929824561403,2021-09-30T00:00:00Z
1,CPG.L,A+,100.0,2020-09-30T00:00:00Z
2,CPG.L,A+,100.0,2019-09-30T00:00:00Z
3,CPG.L,A+,100.0,2018-09-30T00:00:00Z
4,CPG.L,A+,100.0,2017-09-30T00:00:00Z
5,CPG.L,A+,100.0,2016-09-30T00:00:00Z
6,CPG.L,A-,81.5789473684211,2015-09-30T00:00:00Z
7,CPG.L,A+,100.0,2014-09-30T00:00:00Z
8,CPG.L,A,91.3043478260869,2013-09-30T00:00:00Z
9,CPG.L,A-,82.6086956521739,2012-09-30T00:00:00Z
10,CPG.L,A,90.0,2011-09-30T00:00:00Z
0,WEIR.L,A+,100.0,2021-12-31T00:00:00Z
1,WEIR.L,A+,100.0,2020-12-31T00:00:00Z
2,WEIR.L,A+,100.0,2019-12-31T00:00:00Z
3,WEIR.L,A+,100.0,2018-12-31T00:00:00Z
4,WEIR.L,A+,100.0,2017-12-31T00:00:00Z
5,WEIR.L,A+,100.0,2016-12-31T00:00:00Z
6,WEIR.L,A+,100.0,2016-01-01T00:00:00Z
7,WEIR.L,A+,100.0,2015-01-02T00:00:00Z
8,WEIR.L,A+,100.0,2014-01-03T00:00:00Z
9,WEIR.L,A+,100.0,2012-12-28T00:00:00Z
10,WEIR.L,B-,52.8571428571428,2011-12-30T00:00:00Z
0,BT.L,B+,74.4444444444444,2022-03-31T00:00:00Z
1,BT.L,C+,50.0,2021-03-31T00:00:00Z
2,BT.L,C,33.3333333333333,2020-03-31T00:00:00Z
3,BT.L,B,64.2857142857142,2019-03-31T00:00:00Z
4,BT.L,C-,30.2325581395348,2018-03-31T00:00:00Z
5,BT.L,C-,25.6756756756756,2017-03-31T00:00:00Z
6,BT.L,C+,47.1428571428571,2016-03-31T00:00:00Z
7,BT.L,B+,75.0,2015-03-31T00:00:00Z
8,BT.L,D+,17.9487179487179,2014-03-31T00:00:00Z
9,BT.L,D,13.0434782608695,2013-03-31T00:00:00Z
10,BT.L,B-,52.4390243902439,2012-03-31T00:00:00Z
0,EXPN.L,A+,100.0,2022-03-31T00:00:00Z
1,EXPN.L,C,35.7142857142857,2021-03-31T00:00:00Z
2,EXPN.L,C-,30.8510638297872,2020-03-31T00:00:00Z
3,EXPN.L,C-,29.1666666666666,2019-03-31T00:00:00Z
4,EXPN.L,D+,25.0,2018-03-31T00:00:00Z
5,EXPN.L,A-,79.4117647058823,2017-03-31T00:00:00Z
6,EXPN.L,B,65.0,2016-03-31T00:00:00Z
7,EXPN.L,B-,56.25,2015-03-31T00:00:00Z
8,EXPN.L,A+,100.0,2014-03-31T00:00:00Z
9,EXPN.L,A+,100.0,2013-03-31T00:00:00Z
10,EXPN.L,A,85.0,2012-03-31T00:00:00Z
0,SN.L,A+,100.0,2022-12-31T00:00:00Z
1,SN.L,A+,100.0,2021-12-31T00:00:00Z
2,SN.L,A+,100.0,2020-12-31T00:00:00Z
3,SN.L,A+,100.0,2019-12-31T00:00:00Z
4,SN.L,A,84.6153846153846,2018-12-31T00:00:00Z
5,SN.L,A+,100.0,2017-12-31T00:00:00Z
6,SN.L,A+,100.0,2016-12-31T00:00:00Z
7,SN.L,A+,100.0,2015-12-31T00:00:00Z
8,SN.L,A+,100.0,2014-12-31T00:00:00Z
9,SN.L,A+,100.0,2013-12-31T00:00:00Z
10,SN.L,B,64.7058823529411,2012-12-31T00:00:00Z
0,DCC.L,A+,100.0,2022-03-31T00:00:00Z
1,DCC.L,A+,100.0,2021-03-31T00:00:00Z
2,DCC.L,A+,100.0,2020-03-31T00:00:00Z
3,DCC.L,A+,100.0,2019-03-31T00:00:00Z
4,DCC.L,A+,100.0,2018-03-31T00:00:00Z
5,DCC.L,A+,100.0,2017-03-31T00:00:00Z
6,DCC.L,A+,100.0,2016-03-31T00:00:00Z
7,DCC.L,A+,100.0,2015-03-31T00:00:00Z
8,DCC.L,A+,100.0,2014-03-31T00:00:00Z
9,DCC.L,A+,100.0,2013-03-31T00:00:00Z
10,DCC.L,C-,29.1666666666666,2012-03-31T00:00:00Z
0,WPP.L,A+,100.0,2022-12-31T00:00:00Z
1,WPP.L,B-,56.4102564102564,2021-12-31T00:00:00Z
2,WPP.L,A+,100.0,2020-12-31T00:00:00Z
3,WPP.L,A+,100.0,2019-12-31T00:00:00Z
4,WPP.L,A+,94.1176470588235,2018-12-31T00:00:00Z
5,WPP.L,A,91.1764705882352,2017-12-31T00:00:00Z
6,WPP.L,A,91.3043478260869,2016-12-31T00:00:00Z
7,WPP.L,A+,100.0,2015-12-31T00:00:00Z
8,WPP.L,A+,100.0,2014-12-31T00:00:00Z
9,WPP.L,A,86.1111111111111,2013-12-31T00:00:00Z
10,WPP.L,A,86.9565217391304,2012-12-31T00:00:00Z
0,TSCO.L,C,37.5,2022-02-26T00:00:00Z
1,TSCO.L,C,41.1764705882352,2021-02-27T00:00:00Z
2,TSCO.L,C-,25.6756756756756,2020-02-29T00:00:00Z
3,TSCO.L,D,10.0,2019-02-23T00:00:00Z
4,TSCO.L,D,15.625,2018-02-24T00:00:00Z
5,TSCO.L,D-,7.5,2017-02-25T00:00:00Z
6,TSCO.L,D-,5.0,2016-02-27T00:00:00Z
7,TSCO.L,D+,23.6842105263157,2015-02-28T00:00:00Z
8,TSCO.L,D,13.1578947368421,2014-02-22T00:00:00Z
9,TSCO.L,D+,19.4444444444444,2013-02-23T00:00:00Z
10,TSCO.L,D,11.3636363636363,2012-02-25T00:00:00Z
0,IHG.L,A-,77.1929824561403,2021-12-31T00:00:00Z
1,IHG.L,A+,100.0,2020-12-31T00:00:00Z
2,IHG.L,A+,100.0,2019-12-31T00:00:00Z
3,IHG.L,A+,100.0,2018-12-31T00:00:00Z
4,IHG.L,B+,75.0,2017-12-31T00:00:00Z
5,IHG.L,D+,22.5,2016-12-31T00:00:00Z
6,IHG.L,A+,100.0,2015-12-31T00:00:00Z
7,IHG.L,B,59.5238095238095,2014-12-31T00:00:00Z
8,IHG.L,A+,100.0,2013-12-31T00:00:00Z
9,IHG.L,C+,47.8260869565217,2012-12-31T00:00:00Z
10,IHG.L,A+,100.0,2011-12-31T00:00:00Z
0,III.L,A+,100.0,2021-03-31T00:00:00Z
1,III.L,A+,100.0,2020-03-31T00:00:00Z
2,III.L,A+,100.0,2019-03-31T00:00:00Z
3,III.L,A+,100.0,2018-03-31T00:00:00Z
4,III.L,B-,54.7619047619047,2017-03-31T00:00:00Z
5,III.L,A+,100.0,2016-03-31T00:00:00Z
6,III.L,A+,100.0,2015-03-31T00:00:00Z
7,III.L,B-,53.3333333333333,2014-03-31T00:00:00Z
8,III.L,A+,100.0,2013-03-31T00:00:00Z
9,III.L,A+,100.0,2012-03-31T00:00:00Z
10,III.L,A+,100.0,2011-03-31T00:00:00Z
0,RIO.L,D-,5.72916666666666,2022-12-31T00:00:00Z
1,RIO.L,D+,17.5675675675675,2021-12-31T00:00:00Z
2,RIO.L,D-,6.17283950617283,2020-12-31T00:00:00Z
3,RIO.L,A,91.1764705882352,2019-12-31T00:00:00Z
4,RIO.L,B+,68.8524590163934,2018-12-31T00:00:00Z
5,RIO.L,C-,33.0,2017-12-31T00:00:00Z
6,RIO.L,D,10.1851851851851,2016-12-31T00:00:00Z
7,RIO.L,A+,100.0,2015-12-31T00:00:00Z
8,RIO.L,C+,44.7368421052631,2014-12-31T00:00:00Z
9,RIO.L,B+,67.2727272727272,2013-12-31T00:00:00Z
10,RIO.L,C-,26.4705882352941,2012-12-31T00:00:00Z
0,SPX.L,A+,100.0,2021-12-31T00:00:00Z
1,SPX.L,A+,100.0,2020-12-31T00:00:00Z
2,SPX.L,A+,100.0,2019-12-31T00:00:00Z
3,SPX.L,A+,100.0,2018-12-31T00:00:00Z
4,SPX.L,A+,100.0,2017-12-31T00:00:00Z
5,SPX.L,A+,100.0,2016-12-31T00:00:00Z
6,SPX.L,A+,100.0,2015-12-31T00:00:00Z
7,SPX.L,A+,100.0,2014-12-31T00:00:00Z
8,SPX.L,A+,100.0,2013-12-31T00:00:00Z
9,SPX.L,A+,100.0,2012-12-31T00:00:00Z
10,SPX.L,A+,100.0,2011-12-31T00:00:00Z
0,FRES.L,A-,77.4774774774774,2021-12-31T00:00:00Z
1,FRES.L,A+,100.0,2020-12-31T00:00:00Z
2,FRES.L,A+,100.0,2019-12-31T00:00:00Z
3,FRES.L,A+,100.0,2018-12-31T00:00:00Z
4,FRES.L,A+,100.0,2017-12-31T00:00:00Z
5,FRES.L,A+,100.0,2016-12-31T00:00:00Z
6,FRES.L,B+,72.4137931034482,2015-12-31T00:00:00Z
7,FRES.L,A+,100.0,2014-12-31T00:00:00Z
8,FRES.L,A+,100.0,2013-12-31T00:00:00Z
9,FRES.L,A+,100.0,2012-12-31T00:00:00Z
10,FRES.L,A+,100.0,2011-12-31T00:00:00Z
0,SBRY.L,A+,100.0,2021-03-06T00:00:00Z
1,SBRY.L,C-,25.6756756756756,2020-03-07T00:00:00Z
2,SBRY.L,D-,6.0,2019-03-09T00:00:00Z
3,SBRY.L,D,9.375,2018-03-10T00:00:00Z
4,SBRY.L,D,12.5,2017-03-11T00:00:00Z
5,SBRY.L,C+,45.0,2016-03-12T00:00:00Z
6,SBRY.L,C,36.8421052631578,2015-03-14T00:00:00Z
7,SBRY.L,A+,100.0,2014-03-15T00:00:00Z
8,SBRY.L,A,83.3333333333333,2013-03-16T00:00:00Z
9,SBRY.L,D,15.9090909090909,2012-03-17T00:00:00Z
10,SBRY.L,A,83.3333333333333,2011-03-19T00:00:00Z
0,CRDA.L,A+,100.0,2021-12-31T00:00:00Z
1,CRDA.L,A+,100.0,2020-12-31T00:00:00Z
2,CRDA.L,A+,100.0,2019-12-31T00:00:00Z
3,CRDA.L,A+,100.0,2018-12-31T00:00:00Z
4,CRDA.L,A+,100.0,2017-12-31T00:00:00Z
5,CRDA.L,A+,100.0,2016-12-31T00:00:00Z
6,CRDA.L,A+,100.0,2015-12-31T00:00:00Z
7,CRDA.L,A+,100.0,2014-12-31T00:00:00Z
8,CRDA.L,A+,100.0,2013-12-31T00:00:00Z
9,CRDA.L,A+,100.0,2012-12-31T00:00:00Z
10,CRDA.L,A+,100.0,2011-12-31T00:00:00Z
0,AUTOA.L,A+,100.0,2022-03-31T00:00:00Z
1,AUTOA.L,A+,100.0,2021-03-31T00:00:00Z
2,AUTOA.L,A+,100.0,2020-03-31T00:00:00Z
3,AUTOA.L,A+,100.0,2019-03-31T00:00:00Z
4,AUTOA.L,A+,100.0,2018-03-31T00:00:00Z
5,AUTOA.L,A+,100.0,2017-03-31T00:00:00Z
6,AUTOA.L,A+,100.0,2016-03-27T00:00:00Z
7,AUTOA.L,A+,100.0,2015-03-29T00:00:00Z
0,TW.L,B+,75.0,2022-12-31T00:00:00Z
1,TW.L,C,33.3333333333333,2021-12-31T00:00:00Z
2,TW.L,D-,7.14285714285714,2020-12-31T00:00:00Z
3,TW.L,A+,100.0,2019-12-31T00:00:00Z
4,TW.L,A+,100.0,2018-12-31T00:00:00Z
5,TW.L,A+,100.0,2017-12-31T00:00:00Z
6,TW.L,A+,100.0,2016-12-31T00:00:00Z
7,TW.L,A+,100.0,2015-12-31T00:00:00Z
8,TW.L,A+,100.0,2014-12-31T00:00:00Z
9,TW.L,A+,100.0,2013-12-31T00:00:00Z
10,TW.L,A+,100.0,2012-12-31T00:00:00Z
0,LSEG.L,A+,100.0,2022-12-31T00:00:00Z
1,LSEG.L,A+,100.0,2021-12-31T00:00:00Z
2,LSEG.L,A,85.8974358974358,2020-12-31T00:00:00Z
3,LSEG.L,A+,100.0,2019-12-31T00:00:00Z
4,LSEG.L,A+,100.0,2018-12-31T00:00:00Z
5,LSEG.L,A,85.7142857142857,2017-12-31T00:00:00Z
6,LSEG.L,A,87.5,2016-12-31T00:00:00Z
7,LSEG.L,A+,100.0,2015-12-31T00:00:00Z
8,LSEG.L,A+,100.0,2014-03-31T00:00:00Z
9,LSEG.L,A+,100.0,2013-03-31T00:00:00Z
10,LSEG.L,A+,100.0,2012-03-31T00:00:00Z
0,ULVR.L,D-,3.33333333333333,2021-12-31T00:00:00Z
1,ULVR.L,D-,4.16666666666666,2020-12-31T00:00:00Z
2,ULVR.L,B+,70.0,2019-12-31T00:00:00Z
3,ULVR.L,A-,80.7692307692307,2018-12-31T00:00:00Z
4,ULVR.L,B+,70.0,2017-12-31T00:00:00Z
5,ULVR.L,A,83.3333333333333,2016-12-31T00:00:00Z
6,ULVR.L,A+,100.0,2015-12-31T00:00:00Z
7,ULVR.L,D+,19.4444444444444,2014-12-31T00:00:00Z
8,ULVR.L,A-,80.0,2013-12-31T00:00:00Z
9,ULVR.L,C-,26.9230769230769,2012-12-31T00:00:00Z
10,ULVR.L,D+,16.6666666666666,2011-12-31T00:00:00Z
0,RTO.L,A+,100.0,2022-12-31T00:00:00Z
1,RTO.L,A+,100.0,2021-12-31T00:00:00Z
2,RTO.L,A+,100.0,2020-12-31T00:00:00Z
3,RTO.L,B+,69.4444444444444,2019-12-31T00:00:00Z
4,RTO.L,D,11.3636363636363,2018-12-31T00:00:00Z
5,RTO.L,A+,100.0,2017-12-31T00:00:00Z
6,RTO.L,A+,100.0,2016-12-31T00:00:00Z
7,RTO.L,A+,100.0,2015-12-31T00:00:00Z
8,RTO.L,A+,100.0,2014-12-31T00:00:00Z
9,RTO.L,A+,100.0,2013-12-31T00:00:00Z
10,RTO.L,A+,100.0,2012-12-31T00:00:00Z
0,HSBA.L,D,15.0862068965517,2022-12-31T00:00:00Z
1,HSBA.L,D,10.9929078014184,2021-12-31T00:00:00Z
2,HSBA.L,D,14.018691588785,2020-12-31T00:00:00Z
3,HSBA.L,D+,20.6730769230769,2019-12-31T00:00:00Z
4,HSBA.L,D-,6.89655172413793,2018-12-31T00:00:00Z
5,HSBA.L,D,12.1621621621621,2017-12-31T00:00:00Z
6,HSBA.L,D-,4.66666666666666,2016-12-31T00:00:00Z
7,HSBA.L,D+,18.4782608695652,2015-12-31T00:00:00Z
8,HSBA.L,D,8.66666666666666,2014-12-31T00:00:00Z
9,HSBA.L,D,9.25925925925925,2013-12-31T00:00:00Z
10,HSBA.L,D,9.55882352941176,2012-12-31T00:00:00Z
0,BNZL.L,A+,100.0,2021-12-31T00:00:00Z
1,BNZL.L,A+,100.0,2020-12-31T00:00:00Z
2,BNZL.L,A+,100.0,2019-12-31T00:00:00Z
3,BNZL.L,A+,100.0,2018-12-31T00:00:00Z
4,BNZL.L,A+,100.0,2017-12-31T00:00:00Z
5,BNZL.L,A+,100.0,2016-12-31T00:00:00Z
6,BNZL.L,A+,100.0,2015-12-31T00:00:00Z
7,BNZL.L,A+,100.0,2014-12-31T00:00:00Z
8,BNZL.L,A+,100.0,2013-12-31T00:00:00Z
9,BNZL.L,A+,100.0,2012-12-31T00:00:00Z
10,BNZL.L,A+,100.0,2011-12-31T00:00:00Z
0,RKT.L,C+,46.6666666666666,2021-12-31T00:00:00Z
1,RKT.L,A+,100.0,2020-12-31T00:00:00Z
2,RKT.L,D,15.0,2019-12-31T00:00:00Z
3,RKT.L,A-,80.7692307692307,2018-12-31T00:00:00Z
4,RKT.L,C,35.0,2017-12-31T00:00:00Z
5,RKT.L,A+,100.0,2016-12-31T00:00:00Z
6,RKT.L,A-,80.0,2015-12-31T00:00:00Z
7,RKT.L,B+,69.4444444444444,2014-12-31T00:00:00Z
8,RKT.L,A-,80.0,2013-12-31T00:00:00Z
9,RKT.L,A,84.6153846153846,2012-12-31T00:00:00Z
10,RKT.L,C,33.3333333333333,2011-12-31T00:00:00Z
0,CRH.L,A+,100.0,2022-12-31T00:00:00Z
1,CRH.L,A+,100.0,2021-12-31T00:00:00Z
2,CRH.L,A+,100.0,2020-12-31T00:00:00Z
3,CRH.L,A+,100.0,2019-12-31T00:00:00Z
4,CRH.L,A-,77.7777777777777,2018-12-31T00:00:00Z
5,CRH.L,A+,100.0,2017-12-31T00:00:00Z
6,CRH.L,A+,100.0,2016-12-31T00:00:00Z
7,CRH.L,A+,100.0,2015-12-31T00:00:00Z
8,CRH.L,A,87.5,2014-12-31T00:00:00Z
9,CRH.L,A,88.8888888888888,2013-12-31T00:00:00Z
10,CRH.L,A+,100.0,2012-12-31T00:00:00Z
0,HSX.L,D+,23.2758620689655,2021-12-31T00:00:00Z
1,HSX.L,D-,3.77358490566037,2020-12-31T00:00:00Z
2,HSX.L,B-,51.3888888888888,2019-12-31T00:00:00Z
3,HSX.L,C,38.8888888888888,2018-12-31T00:00:00Z
4,HSX.L,A+,100.0,2017-12-31T00:00:00Z
5,HSX.L,A+,100.0,2016-12-31T00:00:00Z
6,HSX.L,A+,100.0,2015-12-31T00:00:00Z
7,HSX.L,A+,100.0,2014-12-31T00:00:00Z
8,HSX.L,A+,100.0,2013-12-31T00:00:00Z
9,HSX.L,A+,100.0,2012-12-31T00:00:00Z
10,HSX.L,A+,100.0,2011-12-31T00:00:00Z
0,BDEV.L,D,10.0,2021-06-30T00:00:00Z
1,BDEV.L,B-,57.1428571428571,2020-06-30T00:00:00Z
2,BDEV.L,A+,100.0,2019-06-30T00:00:00Z
3,BDEV.L,A+,100.0,2018-06-30T00:00:00Z
4,BDEV.L,A+,100.0,2017-06-30T00:00:00Z
5,BDEV.L,A+,100.0,2016-06-30T00:00:00Z
6,BDEV.L,A+,100.0,2015-06-30T00:00:00Z
7,BDEV.L,A+,100.0,2014-06-30T00:00:00Z
8,BDEV.L,A+,100.0,2013-06-30T00:00:00Z
9,BDEV.L,A+,100.0,2012-06-30T00:00:00Z
10,BDEV.L,A+,100.0,2011-06-30T00:00:00Z
0,GLEN.L,D-,2.25225225225225,2021-12-31T00:00:00Z
1,GLEN.L,D-,8.02469135802469,2020-12-31T00:00:00Z
2,GLEN.L,D,10.2941176470588,2019-12-31T00:00:00Z
3,GLEN.L,D+,18.8524590163934,2018-12-31T00:00:00Z
4,GLEN.L,A,91.0,2017-12-31T00:00:00Z
5,GLEN.L,D+,21.4285714285714,2016-12-31T00:00:00Z
6,GLEN.L,C+,50.0,2015-12-31T00:00:00Z
7,GLEN.L,D+,21.4285714285714,2014-12-31T00:00:00Z
8,GLEN.L,C,39.0909090909091,2013-12-31T00:00:00Z
9,GLEN.L,D+,21.4285714285714,2012-12-31T00:00:00Z
10,GLEN.L,D+,21.4285714285714,2011-12-31T00:00:00Z
0,RMV.L,A+,100.0,2022-12-31T00:00:00Z
1,RMV.L,A+,100.0,2021-12-31T00:00:00Z
2,RMV.L,A+,100.0,2020-12-31T00:00:00Z
3,RMV.L,A+,100.0,2019-12-31T00:00:00Z
4,RMV.L,A+,100.0,2018-12-31T00:00:00Z
5,RMV.L,A+,100.0,2017-12-31T00:00:00Z
6,RMV.L,A+,100.0,2016-12-31T00:00:00Z
7,RMV.L,A+,100.0,2015-12-31T00:00:00Z
8,RMV.L,A+,100.0,2014-12-31T00:00:00Z
9,RMV.L,A+,100.0,2013-12-31T00:00:00Z
10,RMV.L,A+,100.0,2012-12-31T00:00:00Z
0,FLTRF.L,A+,100.0,2022-12-31T00:00:00Z
1,FLTRF.L,A+,100.0,2021-12-31T00:00:00Z
2,FLTRF.L,B+,68.5185185185185,2020-12-31T00:00:00Z
3,FLTRF.L,C,34.375,2019-12-31T00:00:00Z
4,FLTRF.L,A+,100.0,2018-12-31T00:00:00Z
5,FLTRF.L,A+,100.0,2017-12-31T00:00:00Z
6,FLTRF.L,A+,100.0,2016-12-31T00:00:00Z
7,FLTRF.L,A+,100.0,2015-12-31T00:00:00Z
8,FLTRF.L,A+,100.0,2014-12-31T00:00:00Z
9,FLTRF.L,A+,100.0,2013-12-31T00:00:00Z
10,FLTRF.L,A+,100.0,2012-12-31T00:00:00Z
0,SMIN.L,A+,100.0,2021-07-31T00:00:00Z
1,SMIN.L,A+,100.0,2020-07-31T00:00:00Z
2,SMIN.L,A+,100.0,2019-07-31T00:00:00Z
3,SMIN.L,A+,100.0,2018-07-31T00:00:00Z
4,SMIN.L,A+,100.0,2017-07-31T00:00:00Z
5,SMIN.L,A+,100.0,2016-07-31T00:00:00Z
6,SMIN.L,A+,100.0,2015-07-31T00:00:00Z
7,SMIN.L,A+,100.0,2014-07-31T00:00:00Z
8,SMIN.L,A+,100.0,2013-07-31T00:00:00Z
9,SMIN.L,C+,50.0,2012-07-31T00:00:00Z
10,SMIN.L,A+,100.0,2011-07-31T00:00:00Z
0,CTEC.L,A+,100.0,2022-12-31T00:00:00Z
1,CTEC.L,A+,100.0,2021-12-31T00:00:00Z
2,CTEC.L,A+,100.0,2020-12-31T00:00:00Z
3,CTEC.L,A+,100.0,2019-12-31T00:00:00Z
4,CTEC.L,A+,100.0,2018-12-31T00:00:00Z
5,CTEC.L,A+,100.0,2017-12-31T00:00:00Z
6,CTEC.L,A+,100.0,2016-12-31T00:00:00Z
0,ABF.L,B+,71.4285714285714,2021-09-18T00:00:00Z
1,ABF.L,A+,100.0,2020-09-12T00:00:00Z
2,ABF.L,A+,92.8571428571428,2019-09-14T00:00:00Z
3,ABF.L,A,83.8709677419354,2018-09-15T00:00:00Z
4,ABF.L,A-,82.1428571428571,2017-09-16T00:00:00Z
5,ABF.L,A+,100.0,2016-09-17T00:00:00Z
6,ABF.L,B+,73.6842105263157,2015-09-12T00:00:00Z
7,ABF.L,B+,72.7272727272727,2014-09-13T00:00:00Z
8,ABF.L,A,89.3939393939393,2013-09-14T00:00:00Z
9,ABF.L,C-,28.5714285714285,2012-09-15T00:00:00Z
10,ABF.L,A,90.3846153846153,2011-09-17T00:00:00Z
0,HLN.L,,,
0,ANTO.L,A+,100.0,2022-12-31T00:00:00Z
1,ANTO.L,D-,7.65765765765765,2021-12-31T00:00:00Z
2,ANTO.L,D+,17.9012345679012,2020-12-31T00:00:00Z
3,ANTO.L,A+,96.3235294117647,2019-12-31T00:00:00Z
4,ANTO.L,C,40.1639344262295,2018-12-31T00:00:00Z
5,ANTO.L,A,91.0,2017-12-31T00:00:00Z
6,ANTO.L,D,13.8888888888888,2016-12-31T00:00:00Z
7,ANTO.L,A+,100.0,2015-12-31T00:00:00Z
8,ANTO.L,A+,100.0,2014-12-31T00:00:00Z
9,ANTO.L,A+,100.0,2013-12-31T00:00:00Z
10,ANTO.L,A+,100.0,2012-12-31T00:00:00Z
0,RR.L,D+,25.0,2021-12-31T00:00:00Z
1,RR.L,B+,73.9130434782608,2020-12-31T00:00:00Z
2,RR.L,A,89.4736842105263,2019-12-31T00:00:00Z
3,RR.L,A+,100.0,2018-12-31T00:00:00Z
4,RR.L,D,14.7058823529411,2017-12-31T00:00:00Z
5,RR.L,C-,29.1666666666666,2016-12-31T00:00:00Z
6,RR.L,A+,100.0,2015-12-31T00:00:00Z
7,RR.L,C-,32.1428571428571,2014-12-31T00:00:00Z
8,RR.L,D,11.1111111111111,2013-12-31T00:00:00Z
9,RR.L,A,84.375,2012-12-31T00:00:00Z
10,RR.L,A+,100.0,2011-12-31T00:00:00Z
0,HLMA.L,A+,100.0,2021-03-31T00:00:00Z
1,HLMA.L,A+,100.0,2020-03-31T00:00:00Z
2,HLMA.L,A+,100.0,2019-03-31T00:00:00Z
3,HLMA.L,A+,100.0,2018-03-31T00:00:00Z
4,HLMA.L,A+,100.0,2017-04-01T00:00:00Z
5,HLMA.L,A+,100.0,2016-04-02T00:00:00Z
6,HLMA.L,A+,100.0,2015-03-28T00:00:00Z
7,HLMA.L,A+,100.0,2014-03-29T00:00:00Z
8,HLMA.L,A+,100.0,2013-03-30T00:00:00Z
9,HLMA.L,A+,100.0,2012-03-31T00:00:00Z
10,HLMA.L,A+,100.0,2011-04-02T00:00:00Z
0,AHT.L,B+,74.5283018867924,2022-04-30T00:00:00Z
1,AHT.L,A+,100.0,2021-04-30T00:00:00Z
2,AHT.L,A+,100.0,2020-04-30T00:00:00Z
3,AHT.L,A+,100.0,2019-04-30T00:00:00Z
4,AHT.L,A+,100.0,2018-04-30T00:00:00Z
5,AHT.L,A+,94.1176470588235,2017-04-30T00:00:00Z
6,AHT.L,A+,100.0,2016-04-30T00:00:00Z
7,AHT.L,A+,100.0,2015-04-30T00:00:00Z
8,AHT.L,A+,100.0,2014-04-30T00:00:00Z
9,AHT.L,A+,100.0,2013-04-30T00:00:00Z
10,AHT.L,A+,100.0,2012-04-30T00:00:00Z
0,NXT.L,A+,100.0,2023-01-28T00:00:00Z
1,NXT.L,A+,100.0,2022-01-29T00:00:00Z
2,NXT.L,A+,100.0,2021-01-30T00:00:00Z
3,NXT.L,C,40.3225806451612,2020-01-25T00:00:00Z
4,NXT.L,A,84.4827586206896,2019-01-26T00:00:00Z
5,NXT.L,A+,100.0,2018-01-27T00:00:00Z
6,NXT.L,A+,100.0,2017-01-28T00:00:00Z
7,NXT.L,A+,100.0,2016-01-30T00:00:00Z
8,NXT.L,A+,91.6666666666666,2015-01-24T00:00:00Z
9,NXT.L,A+,92.5925925925925,2014-01-25T00:00:00Z
10,NXT.L,A+,100.0,2013-01-26T00:00:00Z
0,BAES.L,A+,100.0,2022-12-31T00:00:00Z
1,BAES.L,A+,100.0,2021-12-31T00:00:00Z
2,BAES.L,C,39.1304347826087,2020-12-31T00:00:00Z
3,BAES.L,A+,100.0,2019-12-31T00:00:00Z
4,BAES.L,A+,92.1052631578947,2018-12-31T00:00:00Z
5,BAES.L,C+,50.0,2017-12-31T00:00:00Z
6,BAES.L,A,87.5,2016-12-31T00:00:00Z
7,BAES.L,B+,75.0,2015-12-31T00:00:00Z
8,BAES.L,A,89.2857142857142,2014-12-31T00:00:00Z
9,BAES.L,A-,77.7777777777777,2013-12-31T00:00:00Z
10,BAES.L,C,34.375,2012-12-31T00:00:00Z
0,BRBY.L,C-,28.5714285714285,2021-03-27T00:00:00Z
1,BRBY.L,A+,100.0,2020-03-28T00:00:00Z
2,BRBY.L,A+,100.0,2019-03-30T00:00:00Z
3,BRBY.L,A+,100.0,2018-03-31T00:00:00Z
4,BRBY.L,A+,100.0,2017-03-31T00:00:00Z
5,BRBY.L,A+,100.0,2016-03-31T00:00:00Z
6,BRBY.L,A+,91.6666666666666,2015-03-31T00:00:00Z
7,BRBY.L,A+,100.0,2014-03-31T00:00:00Z
8,BRBY.L,A+,100.0,2013-03-31T00:00:00Z
9,BRBY.L,A,84.7826086956521,2012-03-31T00:00:00Z
10,BRBY.L,A+,100.0,2011-03-31T00:00:00Z
0,JD.L,D+,17.1428571428571,2021-01-30T00:00:00Z
1,JD.L,D-,6.45161290322581,2020-02-01T00:00:00Z
2,JD.L,D+,18.9655172413793,2019-02-02T00:00:00Z
3,JD.L,A+,100.0,2018-02-03T00:00:00Z
4,JD.L,A+,100.0,2017-01-28T00:00:00Z
5,JD.L,A+,100.0,2016-01-30T00:00:00Z
6,JD.L,A+,100.0,2015-01-31T00:00:00Z
7,JD.L,A+,100.0,2014-02-01T00:00:00Z
8,JD.L,A+,100.0,2013-02-02T00:00:00Z
9,JD.L,A+,100.0,2012-01-28T00:00:00Z
0,FRAS.L,A+,100.0,2022-04-24T00:00:00Z
1,FRAS.L,B+,74.2857142857142,2021-04-25T00:00:00Z
2,FRAS.L,A+,100.0,2020-04-26T00:00:00Z
3,FRAS.L,A,84.4827586206896,2019-04-28T00:00:00Z
4,FRAS.L,B+,72.7272727272727,2018-04-29T00:00:00Z
5,FRAS.L,C,40.9090909090909,2017-04-30T00:00:00Z
6,FRAS.L,C-,30.7692307692307,2016-04-24T00:00:00Z
7,FRAS.L,A+,100.0,2015-04-26T00:00:00Z
8,FRAS.L,B-,57.4074074074074,2014-04-27T00:00:00Z
9,FRAS.L,A+,100.0,2013-04-28T00:00:00Z
10,FRAS.L,A+,100.0,2012-04-29T00:00:00Z
0,RS1R.L,A+,100.0,2022-03-31T00:00:00Z
1,RS1R.L,A+,100.0,2021-03-31T00:00:00Z
2,RS1R.L,A+,100.0,2020-03-31T00:00:00Z
3,RS1R.L,A+,100.0,2019-03-31T00:00:00Z
4,RS1R.L,A+,100.0,2018-03-31T00:00:00Z
5,RS1R.L,A+,100.0,2017-03-31T00:00:00Z
6,RS1R.L,A+,100.0,2016-03-31T00:00:00Z
7,RS1R.L,A+,100.0,2015-03-31T00:00:00Z
8,RS1R.L,A+,100.0,2014-03-31T00:00:00Z
9,RS1R.L,A+,100.0,2013-03-31T00:00:00Z
10,RS1R.L,A+,100.0,2012-03-31T00:00:00Z
0,BMEB.L,A+,100.0,2021-03-27T00:00:00Z
1,BMEB.L,A+,100.0,2020-03-28T00:00:00Z
2,BMEB.L,A+,100.0,2019-03-30T00:00:00Z
3,BMEB.L,A+,100.0,2018-03-31T00:00:00Z
4,BMEB.L,A+,100.0,2017-03-25T00:00:00Z
5,BMEB.L,A+,100.0,2016-03-26T00:00:00Z
6,BMEB.L,A+,100.0,2015-03-28T00:00:00Z
