,Instrument,ESG Controversies Score Grade,ESG Controversies Score,Date,,TR.TRESGCCONTROVERSIESSCOREGRADE,TR.TRESGCCONTROVERSIESSCORE,TR.TRESGCCONTROVERSIESSCORE.DATE
0,ADSGn.DE,D-,2.63157894736842,2022-12-31T00:00:00Z,,,,
1,ADSGn.DE,D-,2.5,2021-12-31T00:00:00Z,,,,
2,ADSGn.DE,B+,70.5882352941176,2020-12-31T00:00:00Z,,,,
3,ADSGn.DE,A-,80.0,2019-12-31T00:00:00Z,,,,
4,ADSGn.DE,B,58.3333333333333,2018-12-31T00:00:00Z,,,,
5,ADSGn.DE,C+,50.0,2017-12-31T00:00:00Z,,,,
6,ADSGn.DE,B+,66.6666666666666,2016-12-31T00:00:00Z,,,,
7,ADSGn.DE,A,83.3333333333333,2015-12-31T00:00:00Z,,,,
8,ADSGn.DE,C-,31.25,2014-12-31T00:00:00Z,,,,
9,ADSGn.DE,B+,66.6666666666666,2013-12-31T00:00:00Z,,,,
10,ADSGn.DE,D,15.0,2012-12-31T00:00:00Z,,,,
0,AIR.PA,A+,100.0,2022-12-31T00:00:00Z,,,,
1,AIR.PA,D,8.33333333333333,2021-12-31T00:00:00Z,,,,
2,AIR.PA,D-,6.52173913043478,2020-12-31T00:00:00Z,,,,
3,AIR.PA,C-,28.9473684210526,2019-12-31T00:00:00Z,,,,
4,AIR.PA,D-,7.89473684210526,2018-12-31T00:00:00Z,,,,
5,AIR.PA,D-,2.94117647058823,2017-12-31T00:00:00Z,,,,
6,AIR.PA,D+,20.8333333333333,2016-12-31T00:00:00Z,,,,
7,AIR.PA,A+,100.0,2015-12-31T00:00:00Z,,,,
8,AIR.PA,B+,67.8571428571428,2014-12-31T00:00:00Z,,,,
9,AIR.PA,A+,94.4444444444444,2013-12-31T00:00:00Z,,,,
10,AIR.PA,A,84.375,2012-12-31T00:00:00Z,,,,
0,ALVG.DE,D,8.62068965517241,2021-12-31T00:00:00Z,,,,
1,ALVG.DE,D+,19.8113207547169,2020-12-31T00:00:00Z,,,,
2,ALVG.DE,A,86.1111111111111,2019-12-31T00:00:00Z,,,,
3,ALVG.DE,B,63.8888888888888,2018-12-31T00:00:00Z,,,,
4,ALVG.DE,A+,100.0,2017-12-31T00:00:00Z,,,,
5,ALVG.DE,A-,78.5714285714285,2016-12-31T00:00:00Z,,,,
6,ALVG.DE,A+,100.0,2015-12-31T00:00:00Z,,,,
7,ALVG.DE,B+,75.0,2014-12-31T00:00:00Z,,,,
8,ALVG.DE,A-,82.8125,2013-12-31T00:00:00Z,,,,
9,ALVG.DE,D,15.9090909090909,2012-12-31T00:00:00Z,,,,
10,ALVG.DE,A,85.7142857142857,2011-12-31T00:00:00Z,,,,
0,BASFn.DE,D,14.4444444444444,2022-12-31T00:00:00Z,,,,
1,BASFn.DE,D+,19.2307692307692,2021-12-31T00:00:00Z,,,,
2,BASFn.DE,D-,5.68181818181818,2020-12-31T00:00:00Z,,,,
3,BASFn.DE,D,8.92857142857142,2019-12-31T00:00:00Z,,,,
4,BASFn.DE,A,90.3846153846153,2018-12-31T00:00:00Z,,,,
5,BASFn.DE,A+,100.0,2017-12-31T00:00:00Z,,,,
6,BASFn.DE,B,60.0,2016-12-31T00:00:00Z,,,,
7,BASFn.DE,A+,100.0,2015-12-31T00:00:00Z,,,,
8,BASFn.DE,B,61.5384615384615,2014-12-31T00:00:00Z,,,,
9,BASFn.DE,D+,20.0,2013-12-31T00:00:00Z,,,,
10,BASFn.DE,D+,19.6428571428571,2012-12-31T00:00:00Z,,,,
0,BAYGn.DE,D+,24.6031746031746,2022-12-31T00:00:00Z,,,,
1,BAYGn.DE,D,12.0253164556962,2021-12-31T00:00:00Z,,,,
2,BAYGn.DE,D-,0.819672131147541,2020-12-31T00:00:00Z,,,,
3,BAYGn.DE,D-,4.3859649122807,2019-12-31T00:00:00Z,,,,
4,BAYGn.DE,D,10.2272727272727,2018-12-31T00:00:00Z,,,,
5,BAYGn.DE,D+,23.9130434782608,2017-12-31T00:00:00Z,,,,
6,BAYGn.DE,C-,31.25,2016-12-31T00:00:00Z,,,,
7,BAYGn.DE,B+,71.0526315789473,2015-12-31T00:00:00Z,,,,
8,BAYGn.DE,C,38.5714285714285,2014-12-31T00:00:00Z,,,,
9,BAYGn.DE,D-,8.10810810810811,2013-12-31T00:00:00Z,,,,
10,BAYGn.DE,D,12.0689655172413,2012-12-31T00:00:00Z,,,,
0,BMWG.DE,D+,17.3469387755102,2021-12-31T00:00:00Z,,,,
1,BMWG.DE,B+,73.4042553191489,2020-12-31T00:00:00Z,,,,
2,BMWG.DE,D-,1.21951219512195,2019-12-31T00:00:00Z,,,,
3,BMWG.DE,D+,16.6666666666666,2018-12-31T00:00:00Z,,,,
4,BMWG.DE,D+,19.5121951219512,2017-12-31T00:00:00Z,,,,
5,BMWG.DE,C,41.4285714285714,2016-12-31T00:00:00Z,,,,
6,BMWG.DE,C+,48.0769230769231,2015-12-31T00:00:00Z,,,,
7,BMWG.DE,C+,47.2222222222222,2014-12-31T00:00:00Z,,,,
8,BMWG.DE,D-,7.14285714285714,2013-12-31T00:00:00Z,,,,
9,BMWG.DE,D,13.7931034482758,2012-12-31T00:00:00Z,,,,
10,BMWG.DE,A+,100.0,2011-12-31T00:00:00Z,,,,
0,BEIG.DE,C+,46.6666666666666,2021-12-31T00:00:00Z,,,,
1,BEIG.DE,C,33.3333333333333,2020-12-31T00:00:00Z,,,,
2,BEIG.DE,A+,100.0,2019-12-31T00:00:00Z,,,,
3,BEIG.DE,A+,100.0,2018-12-31T00:00:00Z,,,,
4,BEIG.DE,B+,70.0,2017-12-31T00:00:00Z,,,,
5,BEIG.DE,B-,55.5555555555555,2016-12-31T00:00:00Z,,,,
6,BEIG.DE,A+,100.0,2015-12-31T00:00:00Z,,,,
7,BEIG.DE,A,88.8888888888888,2014-12-31T00:00:00Z,,,,
8,BEIG.DE,C-,30.0,2013-12-31T00:00:00Z,,,,
9,BEIG.DE,A+,100.0,2012-12-31T00:00:00Z,,,,
10,BEIG.DE,A-,79.1666666666666,2011-12-31T00:00:00Z,,,,
0,BNRGn.DE,A+,100.0,2022-12-31T00:00:00Z,,,,
1,BNRGn.DE,A+,100.0,2021-12-31T00:00:00Z,,,,
2,BNRGn.DE,A+,100.0,2020-12-31T00:00:00Z,,,,
3,BNRGn.DE,A+,100.0,2019-12-31T00:00:00Z,,,,
4,BNRGn.DE,A+,100.0,2018-12-31T00:00:00Z,,,,
5,BNRGn.DE,A+,100.0,2017-12-31T00:00:00Z,,,,
6,BNRGn.DE,A+,100.0,2016-12-31T00:00:00Z,,,,
7,BNRGn.DE,A+,100.0,2015-12-31T00:00:00Z,,,,
8,BNRGn.DE,A+,100.0,2014-12-31T00:00:00Z,,,,
9,BNRGn.DE,A+,100.0,2013-12-31T00:00:00Z,,,,
10,BNRGn.DE,A+,100.0,2012-12-31T00:00:00Z,,,,
0,CONG.DE,C,35.7142857142857,2021-12-31T00:00:00Z,,,,
1,CONG.DE,D+,24.4680851063829,2020-12-31T00:00:00Z,,,,
2,CONG.DE,A+,100.0,2019-12-31T00:00:00Z,,,,
3,CONG.DE,A+,92.3076923076923,2018-12-31T00:00:00Z,,,,
4,CONG.DE,A,91.4634146341463,2017-12-31T00:00:00Z,,,,
5,CONG.DE,A,85.7142857142857,2016-12-31T00:00:00Z,,,,
6,CONG.DE,A+,100.0,2015-12-31T00:00:00Z,,,,
7,CONG.DE,A+,100.0,2014-12-31T00:00:00Z,,,,
8,CONG.DE,A+,97.1428571428571,2013-12-31T00:00:00Z,,,,
9,CONG.DE,A+,100.0,2012-12-31T00:00:00Z,,,,
10,CONG.DE,A+,100.0,2011-12-31T00:00:00Z,,,,
0,1COV.DE,A+,100.0,2022-12-31T00:00:00Z,,,,
1,1COV.DE,A+,100.0,2021-12-31T00:00:00Z,,,,
2,1COV.DE,A+,100.0,2020-12-31T00:00:00Z,,,,
3,1COV.DE,A+,100.0,2019-12-31T00:00:00Z,,,,
4,1COV.DE,A+,100.0,2018-12-31T00:00:00Z,,,,
5,1COV.DE,A+,100.0,2017-12-31T00:00:00Z,,,,
6,1COV.DE,A+,100.0,2016-12-31T00:00:00Z,,,,
7,1COV.DE,A+,100.0,2015-12-31T00:00:00Z,,,,
0,DBKGn.DE,C+,43.1034482758621,2022-12-31T00:00:00Z,,,,
1,DBKGn.DE,D-,3.19148936170212,2021-12-31T00:00:00Z,,,,
2,DBKGn.DE,D-,2.33644859813084,2020-12-31T00:00:00Z,,,,
3,DBKGn.DE,D-,0.480769230769231,2019-12-31T00:00:00Z,,,,
4,DBKGn.DE,D-,2.8735632183908,2018-12-31T00:00:00Z,,,,
5,DBKGn.DE,D-,3.37837837837837,2017-12-31T00:00:00Z,,,,
6,DBKGn.DE,D-,0.666666666666666,2016-12-31T00:00:00Z,,,,
7,DBKGn.DE,D,10.8695652173913,2015-12-31T00:00:00Z,,,,
8,DBKGn.DE,D,14.0,2014-12-31T00:00:00Z,,,,
9,DBKGn.DE,D-,6.79012345679012,2013-12-31T00:00:00Z,,,,
10,DBKGn.DE,D-,8.08823529411764,2012-12-31T00:00:00Z,,,,
0,DBKGn.DE,C+,43.1034482758621,2022-12-31T00:00:00Z,,,,
1,DBKGn.DE,D-,3.19148936170212,2021-12-31T00:00:00Z,,,,
2,DBKGn.DE,D-,2.33644859813084,2020-12-31T00:00:00Z,,,,
3,DBKGn.DE,D-,0.480769230769231,2019-12-31T00:00:00Z,,,,
4,DBKGn.DE,D-,2.8735632183908,2018-12-31T00:00:00Z,,,,
5,DBKGn.DE,D-,3.37837837837837,2017-12-31T00:00:00Z,,,,
6,DBKGn.DE,D-,0.666666666666666,2016-12-31T00:00:00Z,,,,
7,DBKGn.DE,D,10.8695652173913,2015-12-31T00:00:00Z,,,,
8,DBKGn.DE,D,14.0,2014-12-31T00:00:00Z,,,,
9,DBKGn.DE,D-,6.79012345679012,2013-12-31T00:00:00Z,,,,
10,DBKGn.DE,D-,8.08823529411764,2012-12-31T00:00:00Z,,,,
0,DPWGn.DE,B+,67.8571428571428,2021-12-31T00:00:00Z,,,,
1,DPWGn.DE,A+,100.0,2020-12-31T00:00:00Z,,,,
2,DPWGn.DE,A+,100.0,2019-12-31T00:00:00Z,,,,
3,DPWGn.DE,A+,96.875,2018-12-31T00:00:00Z,,,,
4,DPWGn.DE,C+,46.875,2017-12-31T00:00:00Z,,,,
5,DPWGn.DE,B-,53.5714285714285,2016-12-31T00:00:00Z,,,,
6,DPWGn.DE,A,85.7142857142857,2015-12-31T00:00:00Z,,,,
7,DPWGn.DE,A-,80.5555555555555,2014-12-31T00:00:00Z,,,,
8,DPWGn.DE,C-,32.1428571428571,2013-12-31T00:00:00Z,,,,
9,DPWGn.DE,A-,77.7777777777777,2012-12-31T00:00:00Z,,,,
10,DPWGn.DE,A,85.7142857142857,2012-01-01T00:00:00Z,,,,
0,DTEGn.DE,D+,16.6666666666666,2021-12-31T00:00:00Z,,,,
1,DTEGn.DE,A+,100.0,2020-12-31T00:00:00Z,,,,
2,DTEGn.DE,A-,80.9523809523809,2019-12-31T00:00:00Z,,,,
3,DTEGn.DE,C+,47.6744186046511,2018-12-31T00:00:00Z,,,,
4,DTEGn.DE,A+,100.0,2017-12-31T00:00:00Z,,,,
5,DTEGn.DE,D+,18.5714285714285,2016-12-31T00:00:00Z,,,,
6,DTEGn.DE,A+,100.0,2015-12-31T00:00:00Z,,,,
7,DTEGn.DE,D+,17.9487179487179,2014-12-31T00:00:00Z,,,,
8,DTEGn.DE,D,9.78260869565217,2013-12-31T00:00:00Z,,,,
9,DTEGn.DE,C-,26.8292682926829,2012-12-31T00:00:00Z,,,,
10,DTEGn.DE,D+,17.3469387755102,2011-12-31T00:00:00Z,,,,
0,DWNG.DE,B+,73.9130434782608,2021-12-31T00:00:00Z,,,,
1,DWNG.DE,A+,100.0,2020-12-31T00:00:00Z,,,,
2,DWNG.DE,A+,94.4444444444444,2019-12-31T00:00:00Z,,,,
3,DWNG.DE,A+,100.0,2018-12-31T00:00:00Z,,,,
4,DWNG.DE,A+,100.0,2017-12-31T00:00:00Z,,,,
5,DWNG.DE,A+,100.0,2016-12-31T00:00:00Z,,,,
6,DWNG.DE,A+,100.0,2015-12-31T00:00:00Z,,,,
7,DWNG.DE,A+,100.0,2014-12-31T00:00:00Z,,,,
8,DWNG.DE,A+,100.0,2013-12-31T00:00:00Z,,,,
9,DWNG.DE,A+,100.0,2012-12-31T00:00:00Z,,,,
10,DWNG.DE,A+,100.0,2011-12-31T00:00:00Z,,,,
0,EONGn.DE,A+,100.0,2022-12-31T00:00:00Z,,,,
1,EONGn.DE,B,62.5,2021-12-31T00:00:00Z,,,,
2,EONGn.DE,A+,100.0,2020-12-31T00:00:00Z,,,,
3,EONGn.DE,A+,95.4545454545454,2019-12-31T00:00:00Z,,,,
4,EONGn.DE,B+,66.6666666666666,2018-12-31T00:00:00Z,,,,
5,EONGn.DE,B+,72.7272727272727,2017-12-31T00:00:00Z,,,,
6,EONGn.DE,B-,56.25,2016-12-31T00:00:00Z,,,,
7,EONGn.DE,B-,57.1428571428571,2015-12-31T00:00:00Z,,,,
8,EONGn.DE,B+,70.0,2014-12-31T00:00:00Z,,,,
9,EONGn.DE,A,85.0,2013-12-31T00:00:00Z,,,,
10,EONGn.DE,A+,100.0,2012-12-31T00:00:00Z,,,,
0,FMEG.DE,A+,100.0,2022-12-31T00:00:00Z,,,,
1,FMEG.DE,A-,76.5625,2021-12-31T00:00:00Z,,,,
2,FMEG.DE,B,59.0909090909091,2020-12-31T00:00:00Z,,,,
3,FMEG.DE,A,88.8888888888888,2019-12-31T00:00:00Z,,,,
4,FMEG.DE,A,88.4615384615384,2018-12-31T00:00:00Z,,,,
5,FMEG.DE,A+,100.0,2017-12-31T00:00:00Z,,,,
6,FMEG.DE,A+,100.0,2016-12-31T00:00:00Z,,,,
7,FMEG.DE,A+,100.0,2015-12-31T00:00:00Z,,,,
8,FMEG.DE,B,61.5384615384615,2014-12-31T00:00:00Z,,,,
9,FMEG.DE,A+,92.8571428571428,2013-12-31T00:00:00Z,,,,
10,FMEG.DE,A+,96.1538461538461,2012-12-31T00:00:00Z,,,,
0,FREG.DE,A-,76.5625,2021-12-31T00:00:00Z,,,,
1,FREG.DE,D+,25.0,2020-12-31T00:00:00Z,,,,
2,FREG.DE,A+,100.0,2019-12-31T00:00:00Z,,,,
3,FREG.DE,A+,100.0,2018-12-31T00:00:00Z,,,,
4,FREG.DE,A+,94.4444444444444,2017-12-31T00:00:00Z,,,,
5,FREG.DE,A+,100.0,2016-12-31T00:00:00Z,,,,
6,FREG.DE,A+,100.0,2015-12-31T00:00:00Z,,,,
7,FREG.DE,A+,100.0,2014-12-31T00:00:00Z,,,,
8,FREG.DE,A+,100.0,2013-12-31T00:00:00Z,,,,
9,FREG.DE,A+,100.0,2012-12-31T00:00:00Z,,,,
10,FREG.DE,A+,100.0,2011-12-31T00:00:00Z,,,,
0,HEIG.DE,A+,100.0,2021-12-31T00:00:00Z,,,,
1,HEIG.DE,D+,16.6666666666666,2020-12-31T00:00:00Z,,,,
2,HEIG.DE,A,86.3636363636363,2019-12-31T00:00:00Z,,,,
3,HEIG.DE,A-,77.7777777777777,2018-12-31T00:00:00Z,,,,
4,HEIG.DE,A+,91.6666666666666,2017-12-31T00:00:00Z,,,,
5,HEIG.DE,A,83.3333333333333,2016-12-31T00:00:00Z,,,,
6,HEIG.DE,A+,100.0,2015-12-31T00:00:00Z,,,,
7,HEIG.DE,A+,100.0,2014-12-31T00:00:00Z,,,,
8,HEIG.DE,C-,27.7777777777777,2013-12-31T00:00:00Z,,,,
9,HEIG.DE,A+,100.0,2012-12-31T00:00:00Z,,,,
10,HEIG.DE,A+,100.0,2011-12-31T00:00:00Z,,,,
0,HFGG.DE,C-,30.8823529411764,2021-12-31T00:00:00Z,,,,
1,HFGG.DE,A+,100.0,2020-12-31T00:00:00Z,,,,
2,HFGG.DE,A+,100.0,2019-12-31T00:00:00Z,,,,
3,HFGG.DE,A+,100.0,2018-12-31T00:00:00Z,,,,
0,HNKG.DE,B,60.0,2022-12-31T00:00:00Z,,,,
1,HNKG.DE,B,64.4230769230769,2021-12-31T00:00:00Z,,,,
2,HNKG.DE,A+,100.0,2020-12-31T00:00:00Z,,,,
3,HNKG.DE,C+,42.8571428571428,2019-12-31T00:00:00Z,,,,
4,HNKG.DE,A+,100.0,2018-12-31T00:00:00Z,,,,
5,HNKG.DE,A+,100.0,2017-12-31T00:00:00Z,,,,
6,HNKG.DE,A,90.0,2016-12-31T00:00:00Z,,,,
7,HNKG.DE,A+,100.0,2015-12-31T00:00:00Z,,,,
8,HNKG.DE,A-,82.6923076923076,2014-12-31T00:00:00Z,,,,
9,HNKG.DE,B+,66.6666666666666,2013-12-31T00:00:00Z,,,,
10,HNKG.DE,A-,78.5714285714285,2012-12-31T00:00:00Z,,,,
0,LIN,B,64.4230769230769,2021-12-31T00:00:00Z,,,,
1,LIN,A+,100.0,2020-12-31T00:00:00Z,,,,
2,LIN,A+,100.0,2019-12-31T00:00:00Z,,,,
3,LIN,C-,26.9230769230769,2018-12-31T00:00:00Z,,,,
4,LIN,A+,100.0,2017-12-31T00:00:00Z,,,,
5,LIN,A+,100.0,2016-12-31T00:00:00Z,,,,
6,LIN,A+,100.0,2015-12-31T00:00:00Z,,,,
7,LIN,A+,100.0,2014-12-31T00:00:00Z,,,,
8,LIN,A+,100.0,2013-12-31T00:00:00Z,,,,
9,LIN,A+,100.0,2012-12-31T00:00:00Z,,,,
10,LIN,A,85.1851851851851,2011-12-31T00:00:00Z,,,,
0,MBGn.DE,D,9.18367346938775,2021-12-31T00:00:00Z,,,,
1,MBGn.DE,D,9.57446808510638,2020-12-31T00:00:00Z,,,,
2,MBGn.DE,D,13.4146341463414,2019-12-31T00:00:00Z,,,,
3,MBGn.DE,D,12.8205128205128,2018-12-31T00:00:00Z,,,,
4,MBGn.DE,D,10.9756097560975,2017-12-31T00:00:00Z,,,,
5,MBGn.DE,D,15.7142857142857,2016-12-31T00:00:00Z,,,,
6,MBGn.DE,C-,26.9230769230769,2015-12-31T00:00:00Z,,,,
7,MBGn.DE,C+,47.2222222222222,2014-12-31T00:00:00Z,,,,
8,MBGn.DE,D+,24.2857142857142,2013-12-31T00:00:00Z,,,,
9,MBGn.DE,D,13.7931034482758,2012-12-31T00:00:00Z,,,,
10,MBGn.DE,C,34.7826086956521,2011-12-31T00:00:00Z,,,,
0,MRCG.DE,A-,82.2784810126582,2021-12-31T00:00:00Z,,,,
1,MRCG.DE,A+,100.0,2020-12-31T00:00:00Z,,,,
2,MRCG.DE,A+,95.6140350877193,2019-12-31T00:00:00Z,,,,
3,MRCG.DE,A+,100.0,2018-12-31T00:00:00Z,,,,
4,MRCG.DE,A+,100.0,2017-12-31T00:00:00Z,,,,
5,MRCG.DE,A+,100.0,2016-12-31T00:00:00Z,,,,
6,MRCG.DE,A+,100.0,2015-12-31T00:00:00Z,,,,
7,MRCG.DE,A,90.0,2014-12-31T00:00:00Z,,,,
8,MRCG.DE,A,90.5405405405405,2013-12-31T00:00:00Z,,,,
9,MRCG.DE,D+,20.6896551724137,2012-12-31T00:00:00Z,,,,
10,MRCG.DE,C,39.0625,2011-12-31T00:00:00Z,,,,
0,MTXGn.DE,A+,100.0,2021-12-31T00:00:00Z,,,,
1,MTXGn.DE,A+,100.0,2020-12-31T00:00:00Z,,,,
2,MTXGn.DE,A+,100.0,2019-12-31T00:00:00Z,,,,
3,MTXGn.DE,A+,100.0,2018-12-31T00:00:00Z,,,,
4,MTXGn.DE,A+,100.0,2017-12-31T00:00:00Z,,,,
5,MTXGn.DE,A+,100.0,2016-12-31T00:00:00Z,,,,
6,MTXGn.DE,A+,100.0,2015-12-31T00:00:00Z,,,,
7,MTXGn.DE,A+,100.0,2014-12-31T00:00:00Z,,,,
8,MTXGn.DE,A+,100.0,2013-12-31T00:00:00Z,,,,
9,MTXGn.DE,A+,100.0,2012-12-31T00:00:00Z,,,,
10,MTXGn.DE,A+,100.0,2011-12-31T00:00:00Z,,,,
0,MUVGn.DE,B+,67.2413793103448,2021-12-31T00:00:00Z,,,,
1,MUVGn.DE,A+,100.0,2020-12-31T00:00:00Z,,,,
2,MUVGn.DE,A+,100.0,2019-12-31T00:00:00Z,,,,
3,MUVGn.DE,A+,100.0,2018-12-31T00:00:00Z,,,,
4,MUVGn.DE,A+,100.0,2017-12-31T00:00:00Z,,,,
5,MUVGn.DE,A+,100.0,2016-12-31T00:00:00Z,,,,
6,MUVGn.DE,A+,100.0,2015-12-31T00:00:00Z,,,,
7,MUVGn.DE,A+,100.0,2014-12-31T00:00:00Z,,,,
8,MUVGn.DE,A+,100.0,2013-12-31T00:00:00Z,,,,
9,MUVGn.DE,A+,100.0,2012-12-31T00:00:00Z,,,,
10,MUVGn.DE,A+,100.0,2011-12-31T00:00:00Z,,,,
0,PSHG_p.DE,A+,100.0,2022-12-31T00:00:00Z,,,,
1,PSHG_p.DE,C,35.7142857142857,2021-12-31T00:00:00Z,,,,
2,PSHG_p.DE,C+,44.6808510638297,2020-12-31T00:00:00Z,,,,
3,PSHG_p.DE,A,89.0243902439024,2019-12-31T00:00:00Z,,,,
4,PSHG_p.DE,D,8.97435897435897,2018-12-31T00:00:00Z,,,,
5,PSHG_p.DE,C+,42.6829268292682,2017-12-31T00:00:00Z,,,,
6,PSHG_p.DE,C-,32.8571428571428,2016-12-31T00:00:00Z,,,,
7,PSHG_p.DE,C,34.6153846153846,2015-12-31T00:00:00Z,,,,
8,PSHG_p.DE,A+,100.0,2014-12-31T00:00:00Z,,,,
9,PSHG_p.DE,A+,100.0,2013-12-31T00:00:00Z,,,,
10,PSHG_p.DE,C+,44.8275862068965,2012-12-31T00:00:00Z,,,,
0,PUMG.DE,B+,67.5,2021-12-31T00:00:00Z,,,,
1,PUMG.DE,B+,70.5882352941176,2020-12-31T00:00:00Z,,,,
2,PUMG.DE,A+,100.0,2019-12-31T00:00:00Z,,,,
3,PUMG.DE,A+,100.0,2018-12-31T00:00:00Z,,,,
4,PUMG.DE,A+,100.0,2017-12-31T00:00:00Z,,,,
5,PUMG.DE,A+,100.0,2016-12-31T00:00:00Z,,,,
6,PUMG.DE,A+,100.0,2015-12-31T00:00:00Z,,,,
7,PUMG.DE,A+,100.0,2014-12-31T00:00:00Z,,,,
8,PUMG.DE,A+,100.0,2013-12-31T00:00:00Z,,,,
9,PUMG.DE,A+,100.0,2012-12-31T00:00:00Z,,,,
10,PUMG.DE,A+,100.0,2011-12-31T00:00:00Z,,,,
0,QIA.DE,A+,100.0,2021-12-31T00:00:00Z,,,,
1,QIA.DE,A+,100.0,2020-12-31T00:00:00Z,,,,
2,QIA.DE,A+,100.0,2019-12-31T00:00:00Z,,,,
3,QIA.DE,A+,100.0,2018-12-31T00:00:00Z,,,,
4,QIA.DE,A+,100.0,2017-12-31T00:00:00Z,,,,
5,QIA.DE,A+,100.0,2016-12-31T00:00:00Z,,,,
6,QIA.DE,A+,100.0,2015-12-31T00:00:00Z,,,,
7,QIA.DE,A+,100.0,2014-12-31T00:00:00Z,,,,
8,QIA.DE,A+,100.0,2013-12-31T00:00:00Z,,,,
9,QIA.DE,A+,100.0,2012-12-31T00:00:00Z,,,,
10,QIA.DE,A+,100.0,2011-12-31T00:00:00Z,,,,
0,RWEG.DE,D-,3.125,2021-12-31T00:00:00Z,,,,
1,RWEG.DE,B+,66.6666666666666,2020-12-31T00:00:00Z,,,,
2,RWEG.DE,A-,81.8181818181818,2019-12-31T00:00:00Z,,,,
3,RWEG.DE,B+,66.6666666666666,2018-12-31T00:00:00Z,,,,
4,RWEG.DE,B+,72.7272727272727,2017-12-31T00:00:00Z,,,,
5,RWEG.DE,D-,6.25,2016-12-31T00:00:00Z,,,,
6,RWEG.DE,D,14.2857142857142,2015-12-31T00:00:00Z,,,,
7,RWEG.DE,C+,45.0,2014-12-31T00:00:00Z,,,,
8,RWEG.DE,A,85.0,2013-12-31T00:00:00Z,,,,
9,RWEG.DE,B,62.5,2012-12-31T00:00:00Z,,,,
10,RWEG.DE,C-,31.8181818181818,2011-12-31T00:00:00Z,,,,
0,SAPG.DE,A+,100.0,2022-12-31T00:00:00Z,,,,
1,SAPG.DE,C,41.1538461538461,2021-12-31T00:00:00Z,,,,
2,SAPG.DE,A+,98.9130434782608,2020-12-31T00:00:00Z,,,,
3,SAPG.DE,A,87.1212121212121,2019-12-31T00:00:00Z,,,,
4,SAPG.DE,D,10.8333333333333,2018-12-31T00:00:00Z,,,,
5,SAPG.DE,C-,27.906976744186,2017-12-31T00:00:00Z,,,,
6,SAPG.DE,A-,79.0322580645161,2016-12-31T00:00:00Z,,,,
7,SAPG.DE,A+,100.0,2015-12-31T00:00:00Z,,,,
8,SAPG.DE,B+,71.6666666666666,2014-12-31T00:00:00Z,,,,
9,SAPG.DE,A+,100.0,2013-12-31T00:00:00Z,,,,
10,SAPG.DE,A+,92.4242424242424,2012-12-31T00:00:00Z,,,,
0,SATG.DE,A+,100.0,2021-12-31T00:00:00Z,,,,
1,SATG.DE,A+,100.0,2020-12-31T00:00:00Z,,,,
2,SATG.DE,A+,100.0,2019-12-31T00:00:00Z,,,,
3,SATG.DE,A+,100.0,2018-12-31T00:00:00Z,,,,
4,SATG.DE,A+,100.0,2017-12-31T00:00:00Z,,,,
5,SATG.DE,A+,100.0,2016-12-31T00:00:00Z,,,,
6,SATG.DE,A+,100.0,2015-12-31T00:00:00Z,,,,
0,SIEGn.DE,A+,100.0,2022-09-30T00:00:00Z,,,,
1,SIEGn.DE,A-,80.0,2021-09-30T00:00:00Z,,,,
2,SIEGn.DE,C,40.2173913043478,2020-09-30T00:00:00Z,,,,
3,SIEGn.DE,D+,18.1818181818181,2019-09-30T00:00:00Z,,,,
4,SIEGn.DE,C-,25.8333333333333,2018-09-30T00:00:00Z,,,,
5,SIEGn.DE,B+,68.6046511627907,2017-09-30T00:00:00Z,,,,
6,SIEGn.DE,B+,69.2307692307692,2016-09-30T00:00:00Z,,,,
7,SIEGn.DE,B+,72.7272727272727,2015-09-30T00:00:00Z,,,,
8,SIEGn.DE,C,33.3333333333333,2014-09-30T00:00:00Z,,,,
9,SIEGn.DE,C-,26.9230769230769,2013-09-30T00:00:00Z,,,,
10,SIEGn.DE,C,37.5,2012-09-30T00:00:00Z,,,,
0,ENR1n.DE,B,62.5,2022-09-30T00:00:00Z,,,,
1,ENR1n.DE,B-,57.6923076923076,2021-09-30T00:00:00Z,,,,
2,ENR1n.DE,A+,100.0,2020-09-30T00:00:00Z,,,,
0,SHLG.DE,A+,100.0,2022-09-30T00:00:00Z,,,,
1,SHLG.DE,A+,100.0,2021-09-30T00:00:00Z,,,,
2,SHLG.DE,A+,100.0,2020-09-30T00:00:00Z,,,,
3,SHLG.DE,A+,100.0,2019-09-30T00:00:00Z,,,,
4,SHLG.DE,A+,100.0,2018-09-30T00:00:00Z,,,,
0,SY1G.DE,A+,100.0,2021-12-31T00:00:00Z,,,,
1,SY1G.DE,B,59.0909090909091,2020-12-31T00:00:00Z,,,,
2,SY1G.DE,A,89.2857142857142,2019-12-31T00:00:00Z,,,,
3,SY1G.DE,A+,100.0,2018-12-31T00:00:00Z,,,,
4,SY1G.DE,A+,100.0,2017-12-31T00:00:00Z,,,,
5,SY1G.DE,A+,100.0,2016-12-31T00:00:00Z,,,,
6,SY1G.DE,A+,100.0,2015-12-31T00:00:00Z,,,,
7,SY1G.DE,A+,100.0,2014-12-31T00:00:00Z,,,,
8,SY1G.DE,A+,100.0,2013-12-31T00:00:00Z,,,,
9,SY1G.DE,A+,100.0,2012-12-31T00:00:00Z,,,,
10,SY1G.DE,A+,100.0,2011-12-31T00:00:00Z,,,,
0,VOWG_p.DE,A+,100.0,2022-12-31T00:00:00Z,,,,
1,VOWG_p.DE,D-,3.06122448979591,2021-12-31T00:00:00Z,,,,
2,VOWG_p.DE,D-,1.06382978723404,2020-12-31T00:00:00Z,,,,
3,VOWG_p.DE,D-,3.65853658536585,2019-12-31T00:00:00Z,,,,
4,VOWG_p.DE,D-,1.28205128205128,2018-12-31T00:00:00Z,,,,
5,VOWG_p.DE,D-,1.21951219512195,2017-12-31T00:00:00Z,,,,
6,VOWG_p.DE,D-,1.42857142857142,2016-12-31T00:00:00Z,,,,
7,VOWG_p.DE,D-,1.92307692307692,2015-12-31T00:00:00Z,,,,
8,VOWG_p.DE,D,9.72222222222222,2014-12-31T00:00:00Z,,,,
9,VOWG_p.DE,B,62.8571428571428,2013-12-31T00:00:00Z,,,,
10,VOWG_p.DE,A+,100.0,2012-12-31T00:00:00Z,,,,
0,VNAn.DE,C,41.3043478260869,2021-12-31T00:00:00Z,,,,
1,VNAn.DE,A+,100.0,2020-12-31T00:00:00Z,,,,
2,VNAn.DE,A+,100.0,2019-12-31T00:00:00Z,,,,
3,VNAn.DE,A+,100.0,2018-12-31T00:00:00Z,,,,
4,VNAn.DE,A+,100.0,2017-12-31T00:00:00Z,,,,
5,VNAn.DE,B+,75.0,2016-12-31T00:00:00Z,,,,
6,VNAn.DE,A+,100.0,2015-12-31T00:00:00Z,,,,
0,ZALG.DE,A+,100.0,2021-12-31T00:00:00Z,,,,
1,ZALG.DE,A+,100.0,2020-12-31T00:00:00Z,,,,
2,ZALG.DE,A+,100.0,2019-12-31T00:00:00Z,,,,
3,ZALG.DE,A+,100.0,2018-12-31T00:00:00Z,,,,
4,ZALG.DE,A+,100.0,2017-12-31T00:00:00Z,,,,
5,ZALG.DE,A+,100.0,2016-12-31T00:00:00Z,,,,
6,ZALG.DE,A+,100.0,2015-12-31T00:00:00Z,,,,
